exp,method,benchmark,seed,final_regret,n_iters,distinct_regret,incumbent_improved,final_cost,lf_fraction,path
ackley_confirm_check,Ackley_5D,Ackley_5D,42,4.440892098500626e-16,10,1,,,,results/ackley_confirm_check/checkpoints/Ackley_5D__DRO-Original__seed42.json
ackley_confirm_check3,Ackley_5D,Ackley_5D,45,0.7624673123058057,10,7,,,,results/ackley_confirm_check3/checkpoints/Ackley_5D__DRO-Original__seed45.json
diag_dt_action_collapse,Hartmann_6D,Hartmann_6D,44,,,,1,,,results/diag_dt_action_collapse/checkpoints/Hartmann_6D__seed44.json
diag_dt_action_collapse_postfix,Hartmann_6D,Hartmann_6D,44,,,,0,,,results/diag_dt_action_collapse_postfix/checkpoints/Hartmann_6D__seed44.json
diag_fantasy_vs_real,Ackley_10D,Ackley_10D,42,,,,,,,results/diag_fantasy_vs_real/checkpoints/Ackley_10D__seed42.json
diag_fantasy_vs_real,Ackley_10D,Ackley_10D,43,,,,,,,results/diag_fantasy_vs_real/checkpoints/Ackley_10D__seed43.json
diag_fantasy_vs_real,Ackley_10D,Ackley_10D,44,,,,,,,results/diag_fantasy_vs_real/checkpoints/Ackley_10D__seed44.json
diag_fantasy_vs_real,Hartmann_6D,Hartmann_6D,42,,,,,,,results/diag_fantasy_vs_real/checkpoints/Hartmann_6D__seed42.json
diag_fantasy_vs_real,Hartmann_6D,Hartmann_6D,43,,,,,,,results/diag_fantasy_vs_real/checkpoints/Hartmann_6D__seed43.json
diag_fantasy_vs_real,Hartmann_6D,Hartmann_6D,44,,,,,,,results/diag_fantasy_vs_real/checkpoints/Hartmann_6D__seed44.json
diag_fix1_smoketest,Currin_2D,Currin_2D,42,0.014149443194343192,5,3,,43.0,0.0,results/diag_fix1_smoketest/checkpoints/Currin_2D__MF-DRO__seed42.mf.json
diag_fix2_crosscheck,Currin_2D,Currin_2D,42,0.14608933119483147,5,3,,43.0,0.0,results/diag_fix2_crosscheck/checkpoints/Currin_2D__MF-DRO__seed42.mf.json
entropy_joint_ackley5d,Ackley_5D,Ackley_5D,42,4.440892098500626e-16,30,1,,,,results/entropy_joint_ackley5d/checkpoints/Ackley_5D__DRO-EntropyJoint-L4__seed42.json
entropy_joint_ackley5d,Ackley_5D,Ackley_5D,43,0.25448223338211706,30,16,,,,results/entropy_joint_ackley5d/checkpoints/Ackley_5D__DRO-EntropyJoint-L4__seed43.json
entropy_joint_ackley5d,Ackley_5D,Ackley_5D,44,0.14536735382883892,30,11,,,,results/entropy_joint_ackley5d/checkpoints/Ackley_5D__DRO-EntropyJoint-L4__seed44.json
entropy_joint_ackley5d,Ackley_5D,Ackley_5D,42,4.440892098500626e-16,30,1,,,,results/entropy_joint_ackley5d/checkpoints/Ackley_5D__DRO-EntropyJoint__seed42.json
entropy_joint_ackley5d,Ackley_5D,Ackley_5D,43,0.26918106969224853,30,16,,,,results/entropy_joint_ackley5d/checkpoints/Ackley_5D__DRO-EntropyJoint__seed43.json
entropy_joint_ackley5d,Ackley_5D,Ackley_5D,44,0.3038607196373424,30,17,,,,results/entropy_joint_ackley5d/checkpoints/Ackley_5D__DRO-EntropyJoint__seed44.json
entropy_joint_ackley5d,Ackley_5D,Ackley_5D,42,4.440892098500626e-16,30,1,,,,results/entropy_joint_ackley5d/checkpoints/Ackley_5D__DRO-MES-jointMES__seed42.json
entropy_joint_ackley5d,Ackley_5D,Ackley_5D,43,0.21325934258229795,30,17,,,,results/entropy_joint_ackley5d/checkpoints/Ackley_5D__DRO-MES-jointMES__seed43.json
entropy_joint_ackley5d,Ackley_5D,Ackley_5D,44,0.27191371251015584,30,15,,,,results/entropy_joint_ackley5d/checkpoints/Ackley_5D__DRO-MES-jointMES__seed44.json
entropy_joint_ackley5d,Ackley_5D,Ackley_5D,42,4.440892098500626e-16,30,1,,,,results/entropy_joint_ackley5d/checkpoints/Ackley_5D__DRO-PerStep__seed42.json
entropy_joint_ackley5d,Ackley_5D,Ackley_5D,43,0.12160315983611314,30,11,,,,results/entropy_joint_ackley5d/checkpoints/Ackley_5D__DRO-PerStep__seed43.json
entropy_joint_ackley5d,Ackley_5D,Ackley_5D,44,0.21104548079742402,30,22,,,,results/entropy_joint_ackley5d/checkpoints/Ackley_5D__DRO-PerStep__seed44.json
entropy_joint_validation,Currin_2D,Currin_2D,42,2.1875758483280308,50,2,,,,results/entropy_joint_validation/checkpoints/Currin_2D__DRO-MES-EntropyJoint__seed42.json
entropy_joint_validation,Currin_2D,Currin_2D,43,0.02752039445575427,50,4,,,,results/entropy_joint_validation/checkpoints/Currin_2D__DRO-MES-EntropyJoint__seed43.json
entropy_joint_validation,Currin_2D,Currin_2D,44,1.704470901903699,50,2,,,,results/entropy_joint_validation/checkpoints/Currin_2D__DRO-MES-EntropyJoint__seed44.json
entropy_joint_validation,Currin_2D,Currin_2D,45,0.0012316527741091932,50,4,,,,results/entropy_joint_validation/checkpoints/Currin_2D__DRO-MES-EntropyJoint__seed45.json
entropy_joint_validation,Currin_2D,Currin_2D,46,0.154364912632321,50,1,,,,results/entropy_joint_validation/checkpoints/Currin_2D__DRO-MES-EntropyJoint__seed46.json
entropy_joint_validation,Currin_2D,Currin_2D,42,1.2591139716178557,50,3,,,,results/entropy_joint_validation/checkpoints/Currin_2D__DRO-MES-PerStep__seed42.json
entropy_joint_validation,Currin_2D,Currin_2D,43,2.3081320414454147,50,3,,,,results/entropy_joint_validation/checkpoints/Currin_2D__DRO-MES-PerStep__seed43.json
entropy_joint_validation,Currin_2D,Currin_2D,44,0.006947717795130259,50,7,,,,results/entropy_joint_validation/checkpoints/Currin_2D__DRO-MES-PerStep__seed44.json
entropy_joint_validation,Currin_2D,Currin_2D,45,0.006357071960826133,50,2,,,,results/entropy_joint_validation/checkpoints/Currin_2D__DRO-MES-PerStep__seed45.json
entropy_joint_validation,Currin_2D,Currin_2D,46,0.0003275360196610677,50,1,,,,results/entropy_joint_validation/checkpoints/Currin_2D__DRO-MES-PerStep__seed46.json
entropy_joint_validation,Hartmann_6D,Hartmann_6D,42,2.9094605596636285,50,1,,,,results/entropy_joint_validation/checkpoints/Hartmann_6D__DRO-MES-EntropyJoint__seed42.json
entropy_joint_validation,Hartmann_6D,Hartmann_6D,43,2.1002780320818415,50,2,,,,results/entropy_joint_validation/checkpoints/Hartmann_6D__DRO-MES-EntropyJoint__seed43.json
entropy_joint_validation,Hartmann_6D,Hartmann_6D,44,2.377186423978743,50,1,,,,results/entropy_joint_validation/checkpoints/Hartmann_6D__DRO-MES-EntropyJoint__seed44.json
entropy_joint_validation,Hartmann_6D,Hartmann_6D,45,2.6577964655466433,50,1,,,,results/entropy_joint_validation/checkpoints/Hartmann_6D__DRO-MES-EntropyJoint__seed45.json
entropy_joint_validation,Hartmann_6D,Hartmann_6D,46,2.817780254785329,50,2,,,,results/entropy_joint_validation/checkpoints/Hartmann_6D__DRO-MES-EntropyJoint__seed46.json
entropy_joint_validation,Hartmann_6D,Hartmann_6D,42,2.7984393695676615,50,2,,,,results/entropy_joint_validation/checkpoints/Hartmann_6D__DRO-MES-PerStep__seed42.json
entropy_joint_validation,Hartmann_6D,Hartmann_6D,43,2.127063094736726,50,1,,,,results/entropy_joint_validation/checkpoints/Hartmann_6D__DRO-MES-PerStep__seed43.json
entropy_joint_validation,Hartmann_6D,Hartmann_6D,44,2.377186423978743,50,1,,,,results/entropy_joint_validation/checkpoints/Hartmann_6D__DRO-MES-PerStep__seed44.json
entropy_joint_validation,Hartmann_6D,Hartmann_6D,45,2.6577964655466433,50,1,,,,results/entropy_joint_validation/checkpoints/Hartmann_6D__DRO-MES-PerStep__seed45.json
entropy_joint_validation,Hartmann_6D,Hartmann_6D,46,2.6429543505247053,50,3,,,,results/entropy_joint_validation/checkpoints/Hartmann_6D__DRO-MES-PerStep__seed46.json
failure_mode1_sfdro,MULTI,Hartmann_6D,42,0.056527777678005986,50,11,,,,results/failure_mode1_sfdro/checkpoints/MULTI__Hartmann_6D__seed42.json
failure_mode1_sfdro,MULTI,Hartmann_6D,43,0.49367630947093266,50,13,,,,results/failure_mode1_sfdro/checkpoints/MULTI__Hartmann_6D__seed43.json
failure_mode1_sfdro,MULTI,Hartmann_6D,44,0.05830065489368508,50,9,,,,results/failure_mode1_sfdro/checkpoints/MULTI__Hartmann_6D__seed44.json
failure_mode1_sfdro,NODT,Hartmann_6D,42,0.023485470322988533,50,6,,,,results/failure_mode1_sfdro/checkpoints/NODT__Hartmann_6D__seed42.json
failure_mode1_sfdro,NODT,Hartmann_6D,43,0.031106618132611175,50,6,,,,results/failure_mode1_sfdro/checkpoints/NODT__Hartmann_6D__seed43.json
failure_mode1_sfdro,NODT,Hartmann_6D,44,0.046492738892184526,50,15,,,,results/failure_mode1_sfdro/checkpoints/NODT__Hartmann_6D__seed44.json
failure_mode1_sfdro,UNI,Hartmann_6D,42,0.1006565039973557,50,10,,,,results/failure_mode1_sfdro/checkpoints/UNI__Hartmann_6D__seed42.json
failure_mode1_sfdro,UNI,Hartmann_6D,43,0.0784635996761831,50,6,,,,results/failure_mode1_sfdro/checkpoints/UNI__Hartmann_6D__seed43.json
failure_mode1_sfdro,UNI,Hartmann_6D,44,0.325003204900129,50,4,,,,results/failure_mode1_sfdro/checkpoints/UNI__Hartmann_6D__seed44.json
hartmann_diag,Hartmann_6D,Hartmann_6D,42,2.3750442062587576,20,1,,,,results/hartmann_diag/checkpoints/Hartmann_6D__DRO-Baseline__seed42.json
hartmann_diag,Hartmann_6D,Hartmann_6D,43,2.127063094736726,20,1,,,,results/hartmann_diag/checkpoints/Hartmann_6D__DRO-Baseline__seed43.json
hartmann_diag,Hartmann_6D,Hartmann_6D,44,2.377186423978743,20,1,,,,results/hartmann_diag/checkpoints/Hartmann_6D__DRO-Baseline__seed44.json
hartmann_diag,Hartmann_6D,Hartmann_6D,42,2.3750442062587576,20,1,,,,results/hartmann_diag/checkpoints/Hartmann_6D__DRO-MES-EI__seed42.json
hartmann_diag,Hartmann_6D,Hartmann_6D,43,2.127063094736726,20,1,,,,results/hartmann_diag/checkpoints/Hartmann_6D__DRO-MES-EI__seed43.json
hartmann_diag,Hartmann_6D,Hartmann_6D,44,2.377186423978743,20,1,,,,results/hartmann_diag/checkpoints/Hartmann_6D__DRO-MES-EI__seed44.json
hartmann_diag,Hartmann_6D,Hartmann_6D,42,1.1753504092396772,20,1,,,,results/hartmann_diag/checkpoints/Hartmann_6D__DRO-Noise005__seed42.json
hartmann_diag,Hartmann_6D,Hartmann_6D,43,2.1086781494983446,20,1,,,,results/hartmann_diag/checkpoints/Hartmann_6D__DRO-Noise005__seed43.json
hartmann_diag,Hartmann_6D,Hartmann_6D,44,2.386269093812536,20,1,,,,results/hartmann_diag/checkpoints/Hartmann_6D__DRO-Noise005__seed44.json
hartmann_diag,Hartmann_6D,Hartmann_6D,42,2.4928294815609133,20,1,,,,results/hartmann_diag/checkpoints/Hartmann_6D__DRO-RotateAcq__seed42.json
hartmann_diag,Hartmann_6D,Hartmann_6D,43,2.127063094736726,20,1,,,,results/hartmann_diag/checkpoints/Hartmann_6D__DRO-RotateAcq__seed43.json
hartmann_diag,Hartmann_6D,Hartmann_6D,44,2.377186423978743,20,1,,,,results/hartmann_diag/checkpoints/Hartmann_6D__DRO-RotateAcq__seed44.json
joint_rtg_validation,Currin_2D,Currin_2D,42,2.4772187503998016,30,2,,,,results/joint_rtg_validation/checkpoints/Currin_2D__DRO-MES-Joint-P90__seed42.json
joint_rtg_validation,Currin_2D,Currin_2D,43,7.148069071760688e-05,30,3,,,,results/joint_rtg_validation/checkpoints/Currin_2D__DRO-MES-Joint-P90__seed43.json
joint_rtg_validation,Currin_2D,Currin_2D,44,2.1629217559095135,30,1,,,,results/joint_rtg_validation/checkpoints/Currin_2D__DRO-MES-Joint-P90__seed44.json
joint_rtg_validation,Currin_2D,Currin_2D,42,2.4833249309140477,30,1,,,,results/joint_rtg_validation/checkpoints/Currin_2D__DRO-MES-Joint__seed42.json
joint_rtg_validation,Currin_2D,Currin_2D,43,0.013929163209244422,30,2,,,,results/joint_rtg_validation/checkpoints/Currin_2D__DRO-MES-Joint__seed43.json
joint_rtg_validation,Currin_2D,Currin_2D,44,2.1629217559095135,30,1,,,,results/joint_rtg_validation/checkpoints/Currin_2D__DRO-MES-Joint__seed44.json
joint_rtg_validation,Currin_2D,Currin_2D,42,0.004799710380607891,30,14,,,,results/joint_rtg_validation/checkpoints/Currin_2D__DRO-MES-PerStep__seed42.json
joint_rtg_validation,Currin_2D,Currin_2D,43,0.11510573303155347,30,3,,,,results/joint_rtg_validation/checkpoints/Currin_2D__DRO-MES-PerStep__seed43.json
joint_rtg_validation,Currin_2D,Currin_2D,44,0.47924589876704005,30,4,,,,results/joint_rtg_validation/checkpoints/Currin_2D__DRO-MES-PerStep__seed44.json
ko_mes_paper,Additive-MES-Song,Borehole_8D,42,115.75769642475484,200,1,,200.0,1.0,results/ko_mes_paper/checkpoints/Additive-MES-Song__Borehole_8D__seed42.json
ko_mes_paper,Additive-MES-Song,Borehole_8D,43,94.99214790828634,198,2,,200.0,0.98989898989899,results/ko_mes_paper/checkpoints/Additive-MES-Song__Borehole_8D__seed43.json
ko_mes_paper,Additive-MES-Song,Borehole_8D,44,65.05902632649767,200,1,,200.0,1.0,results/ko_mes_paper/checkpoints/Additive-MES-Song__Borehole_8D__seed44.json
ko_mes_paper,Additive-MES-Song,Borehole_8D,45,110.55464023467601,200,1,,200.0,1.0,results/ko_mes_paper/checkpoints/Additive-MES-Song__Borehole_8D__seed45.json
ko_mes_paper,Additive-MES-Song,Borehole_8D,46,85.08151216051533,200,1,,200.0,1.0,results/ko_mes_paper/checkpoints/Additive-MES-Song__Borehole_8D__seed46.json
ko_mes_paper,Additive-MES-Song,Currin_2D,42,3.5826653004969238,300,1,,300.0,1.0,results/ko_mes_paper/checkpoints/Additive-MES-Song__Currin_2D__seed42.json
ko_mes_paper,Additive-MES-Song,Currin_2D,43,2.2575823370757355,300,1,,300.0,1.0,results/ko_mes_paper/checkpoints/Additive-MES-Song__Currin_2D__seed43.json
ko_mes_paper,Additive-MES-Song,Currin_2D,44,3.076718002508038,300,1,,300.0,1.0,results/ko_mes_paper/checkpoints/Additive-MES-Song__Currin_2D__seed44.json
ko_mes_paper,Additive-MES-Song,Currin_2D,45,3.5884150780120407,300,1,,300.0,1.0,results/ko_mes_paper/checkpoints/Additive-MES-Song__Currin_2D__seed45.json
ko_mes_paper,Additive-MES-Song,Currin_2D,46,2.870339426131915,300,1,,300.0,1.0,results/ko_mes_paper/checkpoints/Additive-MES-Song__Currin_2D__seed46.json
ko_mes_paper,Additive-MES-Song,Hartmann_6D,42,2.015001965017962,800,1,,800.0,1.0,results/ko_mes_paper/checkpoints/Additive-MES-Song__Hartmann_6D__seed42.json
ko_mes_paper,Additive-MES-Song,Hartmann_6D,43,2.1371072994442226,772,2,,800.0,0.9948186528497409,results/ko_mes_paper/checkpoints/Additive-MES-Song__Hartmann_6D__seed43.json
ko_mes_paper,Additive-MES-Song,Hartmann_6D,44,2.0369702511062613,793,1,,800.0,0.9987389659520807,results/ko_mes_paper/checkpoints/Additive-MES-Song__Hartmann_6D__seed44.json
ko_mes_paper,Additive-MES-Song,Hartmann_6D,45,2.221369157833541,793,1,,800.0,0.9987389659520807,results/ko_mes_paper/checkpoints/Additive-MES-Song__Hartmann_6D__seed45.json
ko_mes_paper,Additive-MES-Song,Hartmann_6D,46,2.5273762963061968,723,3,,800.0,0.9847856154910097,results/ko_mes_paper/checkpoints/Additive-MES-Song__Hartmann_6D__seed46.json
ko_mes_paper,Additive-MES,Borehole_8D,42,34.27941359477762,152,3,,200.0,0.6842105263157895,results/ko_mes_paper/checkpoints/Additive-MES__Borehole_8D__seed42.json
ko_mes_paper,Additive-MES,Borehole_8D,43,49.32300837937919,147,6,,200.0,0.6394557823129252,results/ko_mes_paper/checkpoints/Additive-MES__Borehole_8D__seed43.json
ko_mes_paper,Additive-MES,Borehole_8D,44,50.63721503640494,156,2,,200.0,0.717948717948718,results/ko_mes_paper/checkpoints/Additive-MES__Borehole_8D__seed44.json
ko_mes_paper,Additive-MES,Borehole_8D,45,48.79444513976517,155,4,,200.0,0.7096774193548387,results/ko_mes_paper/checkpoints/Additive-MES__Borehole_8D__seed45.json
ko_mes_paper,Additive-MES,Borehole_8D,46,46.05837429326277,150,3,,200.0,0.6666666666666666,results/ko_mes_paper/checkpoints/Additive-MES__Borehole_8D__seed46.json
ko_mes_paper,Additive-MES,Currin_2D,42,0.00825300069942081,258,12,,300.0,0.9186046511627907,results/ko_mes_paper/checkpoints/Additive-MES__Currin_2D__seed42.json
ko_mes_paper,Additive-MES,Currin_2D,43,0.0013768989655318364,262,9,,300.0,0.9274809160305344,results/ko_mes_paper/checkpoints/Additive-MES__Currin_2D__seed43.json
ko_mes_paper,Additive-MES,Currin_2D,44,0.00016750522622821507,248,7,,300.0,0.8951612903225806,results/ko_mes_paper/checkpoints/Additive-MES__Currin_2D__seed44.json
ko_mes_paper,Additive-MES,Currin_2D,45,0.00021343155125030933,248,4,,300.0,0.8951612903225806,results/ko_mes_paper/checkpoints/Additive-MES__Currin_2D__seed45.json
ko_mes_paper,Additive-MES,Currin_2D,46,0.0001891844958290534,198,8,,300.0,0.7424242424242424,results/ko_mes_paper/checkpoints/Additive-MES__Currin_2D__seed46.json
ko_mes_paper,Additive-MES,Hartmann_6D,42,0.2777454458519699,305,6,,802.0,0.7672131147540984,results/ko_mes_paper/checkpoints/Additive-MES__Hartmann_6D__seed42.json
ko_mes_paper,Additive-MES,Hartmann_6D,43,0.34237594029703633,337,3,,806.0,0.8011869436201781,results/ko_mes_paper/checkpoints/Additive-MES__Hartmann_6D__seed43.json
ko_mes_paper,Additive-MES,Hartmann_6D,44,0.3409316109653928,283,8,,801.0,0.7385159010600707,results/ko_mes_paper/checkpoints/Additive-MES__Hartmann_6D__seed44.json
ko_mes_paper,Additive-MES,Hartmann_6D,45,0.3287802968093363,276,7,,801.0,0.7282608695652174,results/ko_mes_paper/checkpoints/Additive-MES__Hartmann_6D__seed45.json
ko_mes_paper,Additive-MES,Hartmann_6D,46,0.36952809481258253,256,7,,802.0,0.6953125,results/ko_mes_paper/checkpoints/Additive-MES__Hartmann_6D__seed46.json
ko_mes_paper,KO-MES,Borehole_8D,42,54.0395317102122,145,3,,200.0,0.6206896551724138,results/ko_mes_paper/checkpoints/KO-MES__Borehole_8D__seed42.json
ko_mes_paper,KO-MES,Borehole_8D,43,41.75540017529306,150,4,,200.0,0.6666666666666666,results/ko_mes_paper/checkpoints/KO-MES__Borehole_8D__seed43.json
ko_mes_paper,KO-MES,Borehole_8D,44,50.63721503640494,157,2,,200.0,0.7261146496815286,results/ko_mes_paper/checkpoints/KO-MES__Borehole_8D__seed44.json
ko_mes_paper,KO-MES,Borehole_8D,45,39.354096413493494,153,4,,200.0,0.6928104575163399,results/ko_mes_paper/checkpoints/KO-MES__Borehole_8D__seed45.json
ko_mes_paper,KO-MES,Borehole_8D,46,46.05837429326277,151,3,,200.0,0.6754966887417219,results/ko_mes_paper/checkpoints/KO-MES__Borehole_8D__seed46.json
ko_mes_paper,KO-MES,Currin_2D,42,0.008393163849016005,250,11,,300.0,0.9,results/ko_mes_paper/checkpoints/KO-MES__Currin_2D__seed42.json
ko_mes_paper,KO-MES,Currin_2D,43,0.000885961826924131,248,9,,300.0,0.8951612903225806,results/ko_mes_paper/checkpoints/KO-MES__Currin_2D__seed43.json
ko_mes_paper,KO-MES,Currin_2D,44,6.760955884033137e-08,190,15,,300.0,0.7105263157894737,results/ko_mes_paper/checkpoints/KO-MES__Currin_2D__seed44.json
ko_mes_paper,KO-MES,Currin_2D,45,3.9501818461573635e-05,248,8,,300.0,0.8951612903225806,results/ko_mes_paper/checkpoints/KO-MES__Currin_2D__seed45.json
ko_mes_paper,KO-MES,Currin_2D,46,0.0024099712620309077,210,9,,300.0,0.7857142857142857,results/ko_mes_paper/checkpoints/KO-MES__Currin_2D__seed46.json
ko_mes_paper,KO-MES,Hartmann_6D,42,0.18771059872784823,297,5,,801.0,0.7575757575757576,results/ko_mes_paper/checkpoints/KO-MES__Hartmann_6D__seed42.json
ko_mes_paper,KO-MES,Hartmann_6D,43,0.34237594029703633,337,3,,806.0,0.8011869436201781,results/ko_mes_paper/checkpoints/KO-MES__Hartmann_6D__seed43.json
ko_mes_paper,KO-MES,Hartmann_6D,44,0.38771269546343534,285,7,,803.0,0.7403508771929824,results/ko_mes_paper/checkpoints/KO-MES__Hartmann_6D__seed44.json
ko_mes_paper,KO-MES,Hartmann_6D,45,0.5067932334265408,240,6,,800.0,0.6666666666666666,results/ko_mes_paper/checkpoints/KO-MES__Hartmann_6D__seed45.json
ko_mes_paper,KO-MES,Hartmann_6D,46,0.23244802895988803,674,2,,800.0,0.973293768545994,results/ko_mes_paper/checkpoints/KO-MES__Hartmann_6D__seed46.json
ko_mes_paper,MF-GP-UCB,Borehole_8D,42,115.75769642475484,200,1,,200.0,1.0,results/ko_mes_paper/checkpoints/MF-GP-UCB__Borehole_8D__seed42.json
ko_mes_paper,MF-GP-UCB,Borehole_8D,43,113.95990540090429,200,1,,200.0,1.0,results/ko_mes_paper/checkpoints/MF-GP-UCB__Borehole_8D__seed43.json
ko_mes_paper,MF-GP-UCB,Borehole_8D,44,65.05902632649767,200,1,,200.0,1.0,results/ko_mes_paper/checkpoints/MF-GP-UCB__Borehole_8D__seed44.json
ko_mes_paper,MF-GP-UCB,Borehole_8D,45,110.55464023467601,200,1,,200.0,1.0,results/ko_mes_paper/checkpoints/MF-GP-UCB__Borehole_8D__seed45.json
ko_mes_paper,MF-GP-UCB,Borehole_8D,46,85.08151216051533,200,1,,200.0,1.0,results/ko_mes_paper/checkpoints/MF-GP-UCB__Borehole_8D__seed46.json
ko_mes_paper,MF-GP-UCB,Currin_2D,42,3.5826653004969238,300,1,,300.0,1.0,results/ko_mes_paper/checkpoints/MF-GP-UCB__Currin_2D__seed42.json
ko_mes_paper,MF-GP-UCB,Currin_2D,43,2.2575823370757355,300,1,,300.0,1.0,results/ko_mes_paper/checkpoints/MF-GP-UCB__Currin_2D__seed43.json
ko_mes_paper,MF-GP-UCB,Currin_2D,44,3.076718002508038,300,1,,300.0,1.0,results/ko_mes_paper/checkpoints/MF-GP-UCB__Currin_2D__seed44.json
ko_mes_paper,MF-GP-UCB,Currin_2D,45,3.5884150780120407,300,1,,300.0,1.0,results/ko_mes_paper/checkpoints/MF-GP-UCB__Currin_2D__seed45.json
ko_mes_paper,MF-GP-UCB,Currin_2D,46,2.870339426131915,300,1,,300.0,1.0,results/ko_mes_paper/checkpoints/MF-GP-UCB__Currin_2D__seed46.json
ko_mes_paper,MF-GP-UCB,Hartmann_6D,42,2.015001965017962,800,1,,800.0,1.0,results/ko_mes_paper/checkpoints/MF-GP-UCB__Hartmann_6D__seed42.json
ko_mes_paper,MF-GP-UCB,Hartmann_6D,43,3.2014210764524536,800,1,,800.0,1.0,results/ko_mes_paper/checkpoints/MF-GP-UCB__Hartmann_6D__seed43.json
ko_mes_paper,MF-GP-UCB,Hartmann_6D,44,2.0369702511062613,800,1,,800.0,1.0,results/ko_mes_paper/checkpoints/MF-GP-UCB__Hartmann_6D__seed44.json
ko_mes_paper,MF-GP-UCB,Hartmann_6D,45,2.221369157833541,800,1,,800.0,1.0,results/ko_mes_paper/checkpoints/MF-GP-UCB__Hartmann_6D__seed45.json
ko_mes_paper,MF-GP-UCB,Hartmann_6D,46,2.8432000953243786,800,1,,800.0,1.0,results/ko_mes_paper/checkpoints/MF-GP-UCB__Hartmann_6D__seed46.json
ko_mes_paper,MF-MI-Greedy,Borehole_8D,42,34.27941359477762,100,5,,200.0,0.0,results/ko_mes_paper/checkpoints/MF-MI-Greedy__Borehole_8D__seed42.json
ko_mes_paper,MF-MI-Greedy,Borehole_8D,43,20.496729978665087,100,8,,201.0,0.009900990099009901,results/ko_mes_paper/checkpoints/MF-MI-Greedy__Borehole_8D__seed43.json
ko_mes_paper,MF-MI-Greedy,Borehole_8D,44,36.36249668537107,100,4,,200.0,0.0,results/ko_mes_paper/checkpoints/MF-MI-Greedy__Borehole_8D__seed44.json
ko_mes_paper,MF-MI-Greedy,Borehole_8D,45,23.76925604179229,100,7,,200.0,0.0,results/ko_mes_paper/checkpoints/MF-MI-Greedy__Borehole_8D__seed45.json
ko_mes_paper,MF-MI-Greedy,Borehole_8D,46,36.452322788115396,100,5,,200.0,0.0,results/ko_mes_paper/checkpoints/MF-MI-Greedy__Borehole_8D__seed46.json
ko_mes_paper,MF-MI-Greedy,Currin_2D,42,1.982739270545153e-07,57,18,,300.0,0.6935483870967742,results/ko_mes_paper/checkpoints/MF-MI-Greedy__Currin_2D__seed42.json
ko_mes_paper,MF-MI-Greedy,Currin_2D,43,6.30235374927679e-05,50,10,,300.0,0.75,results/ko_mes_paper/checkpoints/MF-MI-Greedy__Currin_2D__seed43.json
ko_mes_paper,MF-MI-Greedy,Currin_2D,44,0.00016536380366005687,50,8,,300.0,0.75,results/ko_mes_paper/checkpoints/MF-MI-Greedy__Currin_2D__seed44.json
ko_mes_paper,MF-MI-Greedy,Currin_2D,45,0.0024885313998233016,66,16,,300.0,0.6071428571428571,results/ko_mes_paper/checkpoints/MF-MI-Greedy__Currin_2D__seed45.json
ko_mes_paper,MF-MI-Greedy,Currin_2D,46,0.0004946203590137088,51,17,,305.0,0.7487684729064039,results/ko_mes_paper/checkpoints/MF-MI-Greedy__Currin_2D__seed46.json
ko_mes_paper,MF-MI-Greedy,Hartmann_6D,42,0.3842273511663059,51,6,,802.0,0.8853932584269663,results/ko_mes_paper/checkpoints/MF-MI-Greedy__Hartmann_6D__seed42.json
ko_mes_paper,MF-MI-Greedy,Hartmann_6D,43,0.19536831956944045,62,12,,802.0,0.8315217391304348,results/ko_mes_paper/checkpoints/MF-MI-Greedy__Hartmann_6D__seed43.json
ko_mes_paper,MF-MI-Greedy,Hartmann_6D,44,0.28303624660972027,55,7,,808.0,0.8699763593380615,results/ko_mes_paper/checkpoints/MF-MI-Greedy__Hartmann_6D__seed44.json
ko_mes_paper,MF-MI-Greedy,Hartmann_6D,45,0.2745515987397007,51,7,,802.0,0.8853932584269663,results/ko_mes_paper/checkpoints/MF-MI-Greedy__Hartmann_6D__seed45.json
ko_mes_paper,MF-MI-Greedy,Hartmann_6D,46,0.25710498808021587,54,7,,800.0,0.8720379146919431,results/ko_mes_paper/checkpoints/MF-MI-Greedy__Hartmann_6D__seed46.json
ko_mes_paper,SF-MES,Borehole_8D,42,51.648201929990535,100,9,,200.0,0.0,results/ko_mes_paper/checkpoints/SF-MES__Borehole_8D__seed42.json
ko_mes_paper,SF-MES,Borehole_8D,43,47.24182961545699,100,6,,200.0,0.0,results/ko_mes_paper/checkpoints/SF-MES__Borehole_8D__seed43.json
ko_mes_paper,SF-MES,Borehole_8D,44,24.591337275692013,100,3,,200.0,0.0,results/ko_mes_paper/checkpoints/SF-MES__Borehole_8D__seed44.json
ko_mes_paper,SF-MES,Borehole_8D,45,37.85385197123338,100,5,,200.0,0.0,results/ko_mes_paper/checkpoints/SF-MES__Borehole_8D__seed45.json
ko_mes_paper,SF-MES,Borehole_8D,46,33.95626799937452,100,5,,200.0,0.0,results/ko_mes_paper/checkpoints/SF-MES__Borehole_8D__seed46.json
ko_mes_paper,SF-MES,Currin_2D,42,0.000447256951856545,100,22,,300.0,0.0,results/ko_mes_paper/checkpoints/SF-MES__Currin_2D__seed42.json
ko_mes_paper,SF-MES,Currin_2D,43,0.00012013371638985859,100,12,,300.0,0.0,results/ko_mes_paper/checkpoints/SF-MES__Currin_2D__seed43.json
ko_mes_paper,SF-MES,Currin_2D,44,9.168656297120492e-05,100,14,,300.0,0.0,results/ko_mes_paper/checkpoints/SF-MES__Currin_2D__seed44.json
ko_mes_paper,SF-MES,Currin_2D,45,0.0002758125684589885,100,24,,300.0,0.0,results/ko_mes_paper/checkpoints/SF-MES__Currin_2D__seed45.json
ko_mes_paper,SF-MES,Currin_2D,46,0.00013322070927301866,100,24,,300.0,0.0,results/ko_mes_paper/checkpoints/SF-MES__Currin_2D__seed46.json
ko_mes_paper,SF-MES,Hartmann_6D,42,0.37141389812104686,100,11,,800.0,0.0,results/ko_mes_paper/checkpoints/SF-MES__Hartmann_6D__seed42.json
ko_mes_paper,SF-MES,Hartmann_6D,43,0.2873257762002699,100,6,,800.0,0.0,results/ko_mes_paper/checkpoints/SF-MES__Hartmann_6D__seed43.json
ko_mes_paper,SF-MES,Hartmann_6D,44,0.3292222438851029,100,7,,800.0,0.0,results/ko_mes_paper/checkpoints/SF-MES__Hartmann_6D__seed44.json
ko_mes_paper,SF-MES,Hartmann_6D,45,0.44886913318710375,100,9,,800.0,0.0,results/ko_mes_paper/checkpoints/SF-MES__Hartmann_6D__seed45.json
ko_mes_paper,SF-MES,Hartmann_6D,46,0.36866449377558785,100,11,,800.0,0.0,results/ko_mes_paper/checkpoints/SF-MES__Hartmann_6D__seed46.json
ko_mes_paper,summary_table,,,,,,,,,results/ko_mes_paper/summary_table.json
,mes_cost_benchmark,,,,,,,,,results/mes_cost_benchmark.json
mes_improvement_test,Ackley_2D,Ackley_2D,42,0.40581473417046654,8,2,,,,results/mes_improvement_test/checkpoints/Ackley_2D__DRO_Improvement__seed42.json
mes_improvement_test,Ackley_2D,Ackley_2D,43,0.036841932768599595,8,5,,,,results/mes_improvement_test/checkpoints/Ackley_2D__DRO_Improvement__seed43.json
mes_improvement_test,Ackley_2D,Ackley_2D,42,1.5781726213671736,8,5,,,,results/mes_improvement_test/checkpoints/Ackley_2D__DRO_MES_K30__seed42.json
mes_improvement_test,Ackley_2D,Ackley_2D,43,1.9848201418124458,8,7,,,,results/mes_improvement_test/checkpoints/Ackley_2D__DRO_MES_K30__seed43.json
mes_improvement_test,Ackley_2D,Ackley_2D,42,0.23671952747839642,8,4,,,,results/mes_improvement_test/checkpoints/Ackley_2D__DRO_MES_Quantile_K30__seed42.json
mes_improvement_test,Ackley_2D,Ackley_2D,43,0.10370231560487442,8,6,,,,results/mes_improvement_test/checkpoints/Ackley_2D__DRO_MES_Quantile_K30__seed43.json
mes_improvement_test,Ackley_2D,Ackley_2D,42,1.555745583497306,8,7,,,,results/mes_improvement_test/checkpoints/Ackley_2D__DRO_MES_Quantile__seed42.json
mes_improvement_test,Ackley_2D,Ackley_2D,43,0.24172423735851867,8,7,,,,results/mes_improvement_test/checkpoints/Ackley_2D__DRO_MES_Quantile__seed43.json
mes_improvement_test,Ackley_2D,Ackley_2D,42,2.3019995055071907,8,4,,,,results/mes_improvement_test/checkpoints/Ackley_2D__DRO_MES__seed42.json
mes_improvement_test,Ackley_2D,Ackley_2D,43,0.7616370300670536,8,7,,,,results/mes_improvement_test/checkpoints/Ackley_2D__DRO_MES__seed43.json
mes_improvement_test,Eggholder,,42,485.63871733415516,8,1,,,,results/mes_improvement_test/checkpoints/Eggholder__DRO_Improvement__seed42.json
mes_improvement_test,Eggholder,,43,485.63871733415516,8,1,,,,results/mes_improvement_test/checkpoints/Eggholder__DRO_Improvement__seed43.json
mes_improvement_test,Eggholder,,42,485.63871733415516,8,1,,,,results/mes_improvement_test/checkpoints/Eggholder__DRO_MES_K30__seed42.json
mes_improvement_test,Eggholder,,43,485.63871733415516,8,1,,,,results/mes_improvement_test/checkpoints/Eggholder__DRO_MES_K30__seed43.json
mes_improvement_test,Eggholder,,42,485.63871733415516,8,1,,,,results/mes_improvement_test/checkpoints/Eggholder__DRO_MES_Quantile_K30__seed42.json
mes_improvement_test,Eggholder,,43,485.63871733415516,8,1,,,,results/mes_improvement_test/checkpoints/Eggholder__DRO_MES_Quantile_K30__seed43.json
mes_improvement_test,Eggholder,,42,485.63871733415516,8,1,,,,results/mes_improvement_test/checkpoints/Eggholder__DRO_MES_Quantile__seed42.json
mes_improvement_test,Eggholder,,43,485.63871733415516,8,1,,,,results/mes_improvement_test/checkpoints/Eggholder__DRO_MES_Quantile__seed43.json
mes_improvement_test,Eggholder,,42,485.63871733415516,8,1,,,,results/mes_improvement_test/checkpoints/Eggholder__DRO_MES__seed42.json
mes_improvement_test,Eggholder,,43,485.63871733415516,8,1,,,,results/mes_improvement_test/checkpoints/Eggholder__DRO_MES__seed43.json
mes_improvement_test,Hartmann_6D,Hartmann_6D,42,2.193617472339527,8,2,,,,results/mes_improvement_test/checkpoints/Hartmann_6D__DRO_Improvement__seed42.json
mes_improvement_test,Hartmann_6D,Hartmann_6D,43,2.127063094736726,8,1,,,,results/mes_improvement_test/checkpoints/Hartmann_6D__DRO_Improvement__seed43.json
mes_improvement_test,Hartmann_6D,Hartmann_6D,42,1.9423613674210545,8,1,,,,results/mes_improvement_test/checkpoints/Hartmann_6D__DRO_MES_K30__seed42.json
mes_improvement_test,Hartmann_6D,Hartmann_6D,43,2.127063094736726,8,1,,,,results/mes_improvement_test/checkpoints/Hartmann_6D__DRO_MES_K30__seed43.json
mes_improvement_test,Hartmann_6D,Hartmann_6D,42,2.7690990944543885,8,1,,,,results/mes_improvement_test/checkpoints/Hartmann_6D__DRO_MES_Quantile_K30__seed42.json
mes_improvement_test,Hartmann_6D,Hartmann_6D,43,1.957035427295701,8,2,,,,results/mes_improvement_test/checkpoints/Hartmann_6D__DRO_MES_Quantile_K30__seed43.json
mes_improvement_test,Hartmann_6D,Hartmann_6D,42,2.583565870604183,8,4,,,,results/mes_improvement_test/checkpoints/Hartmann_6D__DRO_MES_Quantile__seed42.json
mes_improvement_test,Hartmann_6D,Hartmann_6D,43,1.8866226966537651,8,3,,,,results/mes_improvement_test/checkpoints/Hartmann_6D__DRO_MES_Quantile__seed43.json
mes_improvement_test,Hartmann_6D,Hartmann_6D,42,2.0639712108739543,8,2,,,,results/mes_improvement_test/checkpoints/Hartmann_6D__DRO_MES__seed42.json
mes_improvement_test,Hartmann_6D,Hartmann_6D,43,2.127063094736726,8,1,,,,results/mes_improvement_test/checkpoints/Hartmann_6D__DRO_MES__seed43.json
mes_improvement_validation,Ackley_2D,Ackley_2D,42,0.01718215983086724,50,11,,,,results/mes_improvement_validation/checkpoints/Ackley_2D__DRO_Improvement__seed42.json
mes_improvement_validation,Ackley_2D,Ackley_2D,43,0.02145091856154524,50,10,,,,results/mes_improvement_validation/checkpoints/Ackley_2D__DRO_Improvement__seed43.json
mes_improvement_validation,Ackley_2D,Ackley_2D,44,0.010076502341676008,50,9,,,,results/mes_improvement_validation/checkpoints/Ackley_2D__DRO_Improvement__seed44.json
mes_reward,Ackley_2D,Ackley_2D,42,0.13032574182069157,50,7,,,,results/mes_reward/checkpoints/Ackley_2D__DRO_Improvement__seed42.json
mes_reward,Ackley_2D,Ackley_2D,43,0.033105165134895476,50,14,,,,results/mes_reward/checkpoints/Ackley_2D__DRO_Improvement__seed43.json
mes_reward,Ackley_2D,Ackley_2D,44,0.24347441681777982,50,11,,,,results/mes_reward/checkpoints/Ackley_2D__DRO_Improvement__seed44.json
mes_reward,Ackley_2D,Ackley_2D,45,4.440892098500626e-16,50,1,,,,results/mes_reward/checkpoints/Ackley_2D__DRO_Improvement__seed45.json
mes_reward,Ackley_2D,Ackley_2D,46,4.440892098500626e-16,50,1,,,,results/mes_reward/checkpoints/Ackley_2D__DRO_Improvement__seed46.json
mes_reward,Ackley_2D,Ackley_2D,42,0.1378789873217774,50,7,,,,results/mes_reward/checkpoints/Ackley_2D__DRO_MES__seed42.json
mes_reward,Ackley_2D,Ackley_2D,43,0.08785566481846674,50,14,,,,results/mes_reward/checkpoints/Ackley_2D__DRO_MES__seed43.json
mes_reward,Ackley_2D,Ackley_2D,44,0.012114712862807853,50,12,,,,results/mes_reward/checkpoints/Ackley_2D__DRO_MES__seed44.json
mes_reward,Ackley_2D,Ackley_2D,45,4.440892098500626e-16,50,1,,,,results/mes_reward/checkpoints/Ackley_2D__DRO_MES__seed45.json
mes_reward,Ackley_2D,Ackley_2D,46,4.440892098500626e-16,50,1,,,,results/mes_reward/checkpoints/Ackley_2D__DRO_MES__seed46.json
mes_reward,Ackley_2D,Ackley_2D,42,0.9013499429437961,50,10,,,,results/mes_reward/checkpoints/Ackley_2D__NaiveBO__seed42.json
mes_reward,Ackley_2D,Ackley_2D,43,0.6209143619599016,50,15,,,,results/mes_reward/checkpoints/Ackley_2D__NaiveBO__seed43.json
mes_reward,Ackley_2D,Ackley_2D,44,3.0029912943447568,50,8,,,,results/mes_reward/checkpoints/Ackley_2D__NaiveBO__seed44.json
mes_reward,Ackley_2D,Ackley_2D,45,1.8801003161402616,50,7,,,,results/mes_reward/checkpoints/Ackley_2D__NaiveBO__seed45.json
mes_reward,Ackley_2D,Ackley_2D,46,2.0096156033956345,50,13,,,,results/mes_reward/checkpoints/Ackley_2D__NaiveBO__seed46.json
mes_reward,Ackley_5D,Ackley_5D,42,4.440892098500626e-16,50,1,,,,results/mes_reward/checkpoints/Ackley_5D__DRO_Improvement__seed42.json
mes_reward,Ackley_5D,Ackley_5D,43,0.011005090440296517,50,25,,,,results/mes_reward/checkpoints/Ackley_5D__DRO_Improvement__seed43.json
mes_reward,Ackley_5D,Ackley_5D,44,0.04411819372395742,50,22,,,,results/mes_reward/checkpoints/Ackley_5D__DRO_Improvement__seed44.json
mes_reward,Ackley_5D,Ackley_5D,45,0.026779388332091703,50,31,,,,results/mes_reward/checkpoints/Ackley_5D__DRO_Improvement__seed45.json
mes_reward,Ackley_5D,Ackley_5D,46,0.014293271707864097,50,31,,,,results/mes_reward/checkpoints/Ackley_5D__DRO_Improvement__seed46.json
mes_reward,Ackley_5D,Ackley_5D,42,4.440892098500626e-16,50,1,,,,results/mes_reward/checkpoints/Ackley_5D__DRO_MES__seed42.json
mes_reward,Ackley_5D,Ackley_5D,43,0.024407160851894094,50,24,,,,results/mes_reward/checkpoints/Ackley_5D__DRO_MES__seed43.json
mes_reward,Ackley_5D,Ackley_5D,44,0.03907467995493308,50,26,,,,results/mes_reward/checkpoints/Ackley_5D__DRO_MES__seed44.json
mes_reward,Ackley_5D,Ackley_5D,45,0.02667917731173519,50,24,,,,results/mes_reward/checkpoints/Ackley_5D__DRO_MES__seed45.json
mes_reward,Ackley_5D,Ackley_5D,46,0.008056227880669287,50,32,,,,results/mes_reward/checkpoints/Ackley_5D__DRO_MES__seed46.json
mes_reward,Ackley_5D,Ackley_5D,42,1.467480564856889,50,8,,,,results/mes_reward/checkpoints/Ackley_5D__NaiveBO__seed42.json
mes_reward,Ackley_5D,Ackley_5D,43,2.2811961971242245,50,14,,,,results/mes_reward/checkpoints/Ackley_5D__NaiveBO__seed43.json
mes_reward,Ackley_5D,Ackley_5D,44,2.5012559763402646,50,9,,,,results/mes_reward/checkpoints/Ackley_5D__NaiveBO__seed44.json
mes_reward,Ackley_5D,Ackley_5D,45,2.244375741509565,50,14,,,,results/mes_reward/checkpoints/Ackley_5D__NaiveBO__seed45.json
mes_reward,Ackley_5D,Ackley_5D,46,1.7318606499475746,50,10,,,,results/mes_reward/checkpoints/Ackley_5D__NaiveBO__seed46.json
mes_reward,Currin_2D,Currin_2D,42,1.3882344427815934,50,2,,,,results/mes_reward/checkpoints/Currin_2D__DRO_Improvement__seed42.json
mes_reward,Currin_2D,Currin_2D,43,0.24287356374336433,50,1,,,,results/mes_reward/checkpoints/Currin_2D__DRO_Improvement__seed43.json
mes_reward,Currin_2D,Currin_2D,44,0.48374651455287143,50,2,,,,results/mes_reward/checkpoints/Currin_2D__DRO_Improvement__seed44.json
mes_reward,Currin_2D,Currin_2D,45,0.5259154814075941,50,1,,,,results/mes_reward/checkpoints/Currin_2D__DRO_Improvement__seed45.json
mes_reward,Currin_2D,Currin_2D,46,0.01345523911207458,50,6,,,,results/mes_reward/checkpoints/Currin_2D__DRO_Improvement__seed46.json
mes_reward,Currin_2D,Currin_2D,42,2.4833249309140477,50,1,,,,results/mes_reward/checkpoints/Currin_2D__DRO_MES__seed42.json
mes_reward,Currin_2D,Currin_2D,43,1.624371722463991e-05,50,4,,,,results/mes_reward/checkpoints/Currin_2D__DRO_MES__seed43.json
mes_reward,Currin_2D,Currin_2D,44,1.6548010379383822,50,2,,,,results/mes_reward/checkpoints/Currin_2D__DRO_MES__seed44.json
mes_reward,Currin_2D,Currin_2D,45,0.046918763372758576,50,1,,,,results/mes_reward/checkpoints/Currin_2D__DRO_MES__seed45.json
mes_reward,Currin_2D,Currin_2D,46,0.14568584885463665,50,1,,,,results/mes_reward/checkpoints/Currin_2D__DRO_MES__seed46.json
mes_reward,Currin_2D,Currin_2D,42,0.049454577286871526,50,16,,,,results/mes_reward/checkpoints/Currin_2D__NaiveBO__seed42.json
mes_reward,Currin_2D,Currin_2D,43,0.001986919544615162,50,20,,,,results/mes_reward/checkpoints/Currin_2D__NaiveBO__seed43.json
mes_reward,Currin_2D,Currin_2D,44,0.04148387538072562,50,10,,,,results/mes_reward/checkpoints/Currin_2D__NaiveBO__seed44.json
mes_reward,Currin_2D,Currin_2D,45,0.0006217498728613435,50,30,,,,results/mes_reward/checkpoints/Currin_2D__NaiveBO__seed45.json
mes_reward,Currin_2D,Currin_2D,46,9.978242696107031e-06,50,8,,,,results/mes_reward/checkpoints/Currin_2D__NaiveBO__seed46.json
mes_reward,Hartmann_6D,Hartmann_6D,42,2.5097787119520336,50,1,,,,results/mes_reward/checkpoints/Hartmann_6D__DRO_Improvement__seed42.json
mes_reward,Hartmann_6D,Hartmann_6D,43,1.9042991599553198,50,1,,,,results/mes_reward/checkpoints/Hartmann_6D__DRO_Improvement__seed43.json
mes_reward,Hartmann_6D,Hartmann_6D,44,2.377186423978743,50,1,,,,results/mes_reward/checkpoints/Hartmann_6D__DRO_Improvement__seed44.json
mes_reward,Hartmann_6D,Hartmann_6D,45,2.6577964655466433,50,1,,,,results/mes_reward/checkpoints/Hartmann_6D__DRO_Improvement__seed45.json
mes_reward,Hartmann_6D,Hartmann_6D,46,2.848149159637333,50,1,,,,results/mes_reward/checkpoints/Hartmann_6D__DRO_Improvement__seed46.json
mes_reward,Hartmann_6D,Hartmann_6D,42,2.3955491503281428,50,1,,,,results/mes_reward/checkpoints/Hartmann_6D__DRO_MES__seed42.json
mes_reward,Hartmann_6D,Hartmann_6D,43,1.7748756273316293,50,1,,,,results/mes_reward/checkpoints/Hartmann_6D__DRO_MES__seed43.json
mes_reward,Hartmann_6D,Hartmann_6D,44,2.377186423978743,50,1,,,,results/mes_reward/checkpoints/Hartmann_6D__DRO_MES__seed44.json
mes_reward,Hartmann_6D,Hartmann_6D,45,2.6577964655466433,50,1,,,,results/mes_reward/checkpoints/Hartmann_6D__DRO_MES__seed45.json
mes_reward,Hartmann_6D,Hartmann_6D,46,2.7143249328609267,50,1,,,,results/mes_reward/checkpoints/Hartmann_6D__DRO_MES__seed46.json
mes_reward,Hartmann_6D,Hartmann_6D,42,0.056296673899169036,50,15,,,,results/mes_reward/checkpoints/Hartmann_6D__NaiveBO__seed42.json
mes_reward,Hartmann_6D,Hartmann_6D,43,0.1323972777395599,50,15,,,,results/mes_reward/checkpoints/Hartmann_6D__NaiveBO__seed43.json
mes_reward,Hartmann_6D,Hartmann_6D,44,0.042313267690991196,50,17,,,,results/mes_reward/checkpoints/Hartmann_6D__NaiveBO__seed44.json
mes_reward,Hartmann_6D,Hartmann_6D,45,1.1251755509321404,50,18,,,,results/mes_reward/checkpoints/Hartmann_6D__NaiveBO__seed45.json
mes_reward,Hartmann_6D,Hartmann_6D,46,0.060915864192296,50,13,,,,results/mes_reward/checkpoints/Hartmann_6D__NaiveBO__seed46.json
mes_reward,Rosenbrock_2D,Rosenbrock_2D,42,56.529055819040224,50,4,,,,results/mes_reward/checkpoints/Rosenbrock_2D__DRO_Improvement__seed42.json
mes_reward,Rosenbrock_2D,Rosenbrock_2D,43,1781.9344355598616,50,3,,,,results/mes_reward/checkpoints/Rosenbrock_2D__DRO_Improvement__seed43.json
mes_reward,Rosenbrock_2D,Rosenbrock_2D,44,3.41668147293188,50,5,,,,results/mes_reward/checkpoints/Rosenbrock_2D__DRO_Improvement__seed44.json
mes_reward,Rosenbrock_2D,Rosenbrock_2D,45,0.24830492138940746,50,2,,,,results/mes_reward/checkpoints/Rosenbrock_2D__DRO_Improvement__seed45.json
mes_reward,Rosenbrock_2D,Rosenbrock_2D,46,8.05143728727814,50,4,,,,results/mes_reward/checkpoints/Rosenbrock_2D__DRO_Improvement__seed46.json
mes_reward,Rosenbrock_2D,Rosenbrock_2D,42,2.0639961973723002,50,8,,,,results/mes_reward/checkpoints/Rosenbrock_2D__DRO_MES__seed42.json
mes_reward,Rosenbrock_2D,Rosenbrock_2D,43,0.4892269904667946,50,5,,,,results/mes_reward/checkpoints/Rosenbrock_2D__DRO_MES__seed43.json
mes_reward,Rosenbrock_2D,Rosenbrock_2D,44,0.294772977527071,50,2,,,,results/mes_reward/checkpoints/Rosenbrock_2D__DRO_MES__seed44.json
mes_reward,Rosenbrock_2D,Rosenbrock_2D,45,0.9670339666978179,50,9,,,,results/mes_reward/checkpoints/Rosenbrock_2D__DRO_MES__seed45.json
mes_reward,Rosenbrock_2D,Rosenbrock_2D,46,0.12413333176841408,50,7,,,,results/mes_reward/checkpoints/Rosenbrock_2D__DRO_MES__seed46.json
mes_reward,Rosenbrock_2D,Rosenbrock_2D,42,6.623645366435156,50,2,,,,results/mes_reward/checkpoints/Rosenbrock_2D__NaiveBO__seed42.json
mes_reward,Rosenbrock_2D,Rosenbrock_2D,43,7.034046587897585,50,5,,,,results/mes_reward/checkpoints/Rosenbrock_2D__NaiveBO__seed43.json
mes_reward,Rosenbrock_2D,Rosenbrock_2D,44,1.4481255673815432,50,6,,,,results/mes_reward/checkpoints/Rosenbrock_2D__NaiveBO__seed44.json
mes_reward,Rosenbrock_2D,Rosenbrock_2D,45,5.4710422909626395,50,5,,,,results/mes_reward/checkpoints/Rosenbrock_2D__NaiveBO__seed45.json
mes_reward,Rosenbrock_2D,Rosenbrock_2D,46,4.919561935581343,50,7,,,,results/mes_reward/checkpoints/Rosenbrock_2D__NaiveBO__seed46.json
mes_switching,Ackley_2D,Ackley_2D,42,1.4611021501644044,50,5,,,,results/mes_switching/checkpoints/Ackley_2D__DRO-EI-Impr__seed42.json
mes_switching,Ackley_2D,Ackley_2D,43,0.6727675934843842,50,8,,,,results/mes_switching/checkpoints/Ackley_2D__DRO-EI-Impr__seed43.json
mes_switching,Ackley_2D,Ackley_2D,44,1.5524493307755134,50,9,,,,results/mes_switching/checkpoints/Ackley_2D__DRO-EI-Impr__seed44.json
mes_switching,Ackley_2D,Ackley_2D,45,4.440892098500626e-16,50,1,,,,results/mes_switching/checkpoints/Ackley_2D__DRO-EI-Impr__seed45.json
mes_switching,Ackley_2D,Ackley_2D,46,4.440892098500626e-16,50,1,,,,results/mes_switching/checkpoints/Ackley_2D__DRO-EI-Impr__seed46.json
mes_switching,Ackley_2D,Ackley_2D,42,0.9943014220048423,50,7,,,,results/mes_switching/checkpoints/Ackley_2D__DRO-EI-MES__seed42.json
mes_switching,Ackley_2D,Ackley_2D,43,0.14163885232973827,50,9,,,,results/mes_switching/checkpoints/Ackley_2D__DRO-EI-MES__seed43.json
mes_switching,Ackley_2D,Ackley_2D,44,0.05982859365188675,50,8,,,,results/mes_switching/checkpoints/Ackley_2D__DRO-EI-MES__seed44.json
mes_switching,Ackley_2D,Ackley_2D,45,4.440892098500626e-16,50,1,,,,results/mes_switching/checkpoints/Ackley_2D__DRO-EI-MES__seed45.json
mes_switching,Ackley_2D,Ackley_2D,46,4.440892098500626e-16,50,1,,,,results/mes_switching/checkpoints/Ackley_2D__DRO-EI-MES__seed46.json
mes_switching,Ackley_2D,Ackley_2D,42,0.1390301322663885,50,9,,,,results/mes_switching/checkpoints/Ackley_2D__DRO-MES-Impr__seed42.json
mes_switching,Ackley_2D,Ackley_2D,43,0.08753312181956874,50,8,,,,results/mes_switching/checkpoints/Ackley_2D__DRO-MES-Impr__seed43.json
mes_switching,Ackley_2D,Ackley_2D,44,0.2084105444541291,50,7,,,,results/mes_switching/checkpoints/Ackley_2D__DRO-MES-Impr__seed44.json
mes_switching,Ackley_2D,Ackley_2D,45,4.440892098500626e-16,50,1,,,,results/mes_switching/checkpoints/Ackley_2D__DRO-MES-Impr__seed45.json
mes_switching,Ackley_2D,Ackley_2D,46,4.440892098500626e-16,50,1,,,,results/mes_switching/checkpoints/Ackley_2D__DRO-MES-Impr__seed46.json
mes_switching,Ackley_2D,Ackley_2D,42,0.03594868547246266,50,10,,,,results/mes_switching/checkpoints/Ackley_2D__DRO-MES-MES__seed42.json
mes_switching,Ackley_2D,Ackley_2D,43,0.15015558263629147,50,11,,,,results/mes_switching/checkpoints/Ackley_2D__DRO-MES-MES__seed43.json
mes_switching,Ackley_2D,Ackley_2D,44,0.26100720187274407,50,10,,,,results/mes_switching/checkpoints/Ackley_2D__DRO-MES-MES__seed44.json
mes_switching,Ackley_2D,Ackley_2D,45,4.440892098500626e-16,50,1,,,,results/mes_switching/checkpoints/Ackley_2D__DRO-MES-MES__seed45.json
mes_switching,Ackley_2D,Ackley_2D,46,4.440892098500626e-16,50,1,,,,results/mes_switching/checkpoints/Ackley_2D__DRO-MES-MES__seed46.json
mes_switching,Ackley_2D,Ackley_2D,42,0.9013499429437961,50,10,,,,results/mes_switching/checkpoints/Ackley_2D__NaiveBO-EI__seed42.json
mes_switching,Ackley_2D,Ackley_2D,43,0.6209143619599016,50,15,,,,results/mes_switching/checkpoints/Ackley_2D__NaiveBO-EI__seed43.json
mes_switching,Ackley_2D,Ackley_2D,44,3.0029912943447568,50,8,,,,results/mes_switching/checkpoints/Ackley_2D__NaiveBO-EI__seed44.json
mes_switching,Ackley_2D,Ackley_2D,45,1.8801003161402616,50,7,,,,results/mes_switching/checkpoints/Ackley_2D__NaiveBO-EI__seed45.json
mes_switching,Ackley_2D,Ackley_2D,46,2.0096156033956345,50,13,,,,results/mes_switching/checkpoints/Ackley_2D__NaiveBO-EI__seed46.json
mes_switching,Ackley_2D,Ackley_2D,42,1.0767711796522197,50,11,,,,results/mes_switching/checkpoints/Ackley_2D__NaiveBO-MES__seed42.json
mes_switching,Ackley_2D,Ackley_2D,43,18.66443007639264,50,3,,,,results/mes_switching/checkpoints/Ackley_2D__NaiveBO-MES__seed43.json
mes_switching,Ackley_2D,Ackley_2D,44,0.40625201638659236,50,9,,,,results/mes_switching/checkpoints/Ackley_2D__NaiveBO-MES__seed44.json
mes_switching,Ackley_2D,Ackley_2D,45,0.4008712220798043,50,13,,,,results/mes_switching/checkpoints/Ackley_2D__NaiveBO-MES__seed45.json
mes_switching,Ackley_2D,Ackley_2D,46,0.19147183270401458,50,14,,,,results/mes_switching/checkpoints/Ackley_2D__NaiveBO-MES__seed46.json
mes_switching,Ackley_5D,Ackley_5D,42,4.440892098500626e-16,50,1,,,,results/mes_switching/checkpoints/Ackley_5D__DRO-EI-Impr__seed42.json
mes_switching,Ackley_5D,Ackley_5D,43,0.07543525579377475,50,15,,,,results/mes_switching/checkpoints/Ackley_5D__DRO-EI-Impr__seed43.json
mes_switching,Ackley_5D,Ackley_5D,44,0.08753297373485269,50,16,,,,results/mes_switching/checkpoints/Ackley_5D__DRO-EI-Impr__seed44.json
mes_switching,Ackley_5D,Ackley_5D,45,0.05070961753821779,50,14,,,,results/mes_switching/checkpoints/Ackley_5D__DRO-EI-Impr__seed45.json
mes_switching,Ackley_5D,Ackley_5D,46,0.04026193052892113,50,18,,,,results/mes_switching/checkpoints/Ackley_5D__DRO-EI-Impr__seed46.json
mes_switching,Ackley_5D,Ackley_5D,42,4.440892098500626e-16,50,1,,,,results/mes_switching/checkpoints/Ackley_5D__DRO-EI-MES__seed42.json
mes_switching,Ackley_5D,Ackley_5D,43,0.042248136397166736,50,12,,,,results/mes_switching/checkpoints/Ackley_5D__DRO-EI-MES__seed43.json
mes_switching,Ackley_5D,Ackley_5D,44,0.053226874588251594,50,16,,,,results/mes_switching/checkpoints/Ackley_5D__DRO-EI-MES__seed44.json
mes_switching,Ackley_5D,Ackley_5D,45,0.12437994133917529,50,19,,,,results/mes_switching/checkpoints/Ackley_5D__DRO-EI-MES__seed45.json
mes_switching,Ackley_5D,Ackley_5D,46,0.07835469830091712,50,19,,,,results/mes_switching/checkpoints/Ackley_5D__DRO-EI-MES__seed46.json
mes_switching,Ackley_5D,Ackley_5D,42,4.440892098500626e-16,50,1,,,,results/mes_switching/checkpoints/Ackley_5D__DRO-MES-Impr__seed42.json
mes_switching,Ackley_5D,Ackley_5D,43,0.04706100280238745,50,14,,,,results/mes_switching/checkpoints/Ackley_5D__DRO-MES-Impr__seed43.json
mes_switching,Ackley_5D,Ackley_5D,44,0.05171071897001456,50,12,,,,results/mes_switching/checkpoints/Ackley_5D__DRO-MES-Impr__seed44.json
mes_switching,Ackley_5D,Ackley_5D,45,0.02206248159091162,50,19,,,,results/mes_switching/checkpoints/Ackley_5D__DRO-MES-Impr__seed45.json
mes_switching,Ackley_5D,Ackley_5D,46,0.030003394870054212,50,11,,,,results/mes_switching/checkpoints/Ackley_5D__DRO-MES-Impr__seed46.json
mes_switching,Ackley_5D,Ackley_5D,42,4.440892098500626e-16,50,1,,,,results/mes_switching/checkpoints/Ackley_5D__DRO-MES-MES__seed42.json
mes_switching,Ackley_5D,Ackley_5D,43,0.03437996251873843,50,14,,,,results/mes_switching/checkpoints/Ackley_5D__DRO-MES-MES__seed43.json
mes_switching,Ackley_5D,Ackley_5D,44,0.10262463538419953,50,15,,,,results/mes_switching/checkpoints/Ackley_5D__DRO-MES-MES__seed44.json
mes_switching,Ackley_5D,Ackley_5D,45,0.08726989651360784,50,16,,,,results/mes_switching/checkpoints/Ackley_5D__DRO-MES-MES__seed45.json
mes_switching,Ackley_5D,Ackley_5D,46,0.03791964063043851,50,20,,,,results/mes_switching/checkpoints/Ackley_5D__DRO-MES-MES__seed46.json
mes_switching,Ackley_5D,Ackley_5D,42,1.467480564856889,50,8,,,,results/mes_switching/checkpoints/Ackley_5D__NaiveBO-EI__seed42.json
mes_switching,Ackley_5D,Ackley_5D,43,2.2811961971242245,50,14,,,,results/mes_switching/checkpoints/Ackley_5D__NaiveBO-EI__seed43.json
mes_switching,Ackley_5D,Ackley_5D,44,2.5012559763402646,50,9,,,,results/mes_switching/checkpoints/Ackley_5D__NaiveBO-EI__seed44.json
mes_switching,Ackley_5D,Ackley_5D,45,2.244375741509565,50,14,,,,results/mes_switching/checkpoints/Ackley_5D__NaiveBO-EI__seed45.json
mes_switching,Ackley_5D,Ackley_5D,46,1.7318606499475746,50,10,,,,results/mes_switching/checkpoints/Ackley_5D__NaiveBO-EI__seed46.json
mes_switching,Ackley_5D,Ackley_5D,42,1.5710013913028686,50,8,,,,results/mes_switching/checkpoints/Ackley_5D__NaiveBO-MES__seed42.json
mes_switching,Ackley_5D,Ackley_5D,43,1.505796634830752,50,11,,,,results/mes_switching/checkpoints/Ackley_5D__NaiveBO-MES__seed43.json
mes_switching,Ackley_5D,Ackley_5D,44,6.802034250343803,50,2,,,,results/mes_switching/checkpoints/Ackley_5D__NaiveBO-MES__seed44.json
mes_switching,Ackley_5D,Ackley_5D,45,0.9175900476888867,50,10,,,,results/mes_switching/checkpoints/Ackley_5D__NaiveBO-MES__seed45.json
mes_switching,Ackley_5D,Ackley_5D,46,3.198150012192358,50,5,,,,results/mes_switching/checkpoints/Ackley_5D__NaiveBO-MES__seed46.json
mes_switching,Currin_2D,Currin_2D,42,0.9898316612317419,50,8,,,,results/mes_switching/checkpoints/Currin_2D__DRO-EI-Impr__seed42.json
mes_switching,Currin_2D,Currin_2D,43,0.18433249064305812,50,3,,,,results/mes_switching/checkpoints/Currin_2D__DRO-EI-Impr__seed43.json
mes_switching,Currin_2D,Currin_2D,44,0.7016124463600555,50,2,,,,results/mes_switching/checkpoints/Currin_2D__DRO-EI-Impr__seed44.json
mes_switching,Currin_2D,Currin_2D,45,0.00579398914718432,50,7,,,,results/mes_switching/checkpoints/Currin_2D__DRO-EI-Impr__seed45.json
mes_switching,Currin_2D,Currin_2D,46,7.068992819370123e-05,50,3,,,,results/mes_switching/checkpoints/Currin_2D__DRO-EI-Impr__seed46.json
mes_switching,Currin_2D,Currin_2D,42,0.001444297481057788,50,13,,,,results/mes_switching/checkpoints/Currin_2D__DRO-EI-MES__seed42.json
mes_switching,Currin_2D,Currin_2D,43,0.13864667055464075,50,2,,,,results/mes_switching/checkpoints/Currin_2D__DRO-EI-MES__seed43.json
mes_switching,Currin_2D,Currin_2D,44,2.1629217559095135,50,1,,,,results/mes_switching/checkpoints/Currin_2D__DRO-EI-MES__seed44.json
mes_switching,Currin_2D,Currin_2D,45,0.0011407667806757615,50,5,,,,results/mes_switching/checkpoints/Currin_2D__DRO-EI-MES__seed45.json
mes_switching,Currin_2D,Currin_2D,46,0.10481874463648388,50,1,,,,results/mes_switching/checkpoints/Currin_2D__DRO-EI-MES__seed46.json
mes_switching,Currin_2D,Currin_2D,42,0.8946879682104143,50,4,,,,results/mes_switching/checkpoints/Currin_2D__DRO-MES-Impr__seed42.json
mes_switching,Currin_2D,Currin_2D,43,0.04584066265666564,50,1,,,,results/mes_switching/checkpoints/Currin_2D__DRO-MES-Impr__seed43.json
mes_switching,Currin_2D,Currin_2D,44,0.6906179359968032,50,2,,,,results/mes_switching/checkpoints/Currin_2D__DRO-MES-Impr__seed44.json
mes_switching,Currin_2D,Currin_2D,45,0.5259154814075941,50,1,,,,results/mes_switching/checkpoints/Currin_2D__DRO-MES-Impr__seed45.json
mes_switching,Currin_2D,Currin_2D,46,1.2463441095145065,50,3,,,,results/mes_switching/checkpoints/Currin_2D__DRO-MES-Impr__seed46.json
mes_switching,Currin_2D,Currin_2D,42,2.4833249309140477,50,1,,,,results/mes_switching/checkpoints/Currin_2D__DRO-MES-MES__seed42.json
mes_switching,Currin_2D,Currin_2D,43,0.021785570875156424,50,2,,,,results/mes_switching/checkpoints/Currin_2D__DRO-MES-MES__seed43.json
mes_switching,Currin_2D,Currin_2D,44,0.47325459296884986,50,3,,,,results/mes_switching/checkpoints/Currin_2D__DRO-MES-MES__seed44.json
mes_switching,Currin_2D,Currin_2D,45,0.037686531875484874,50,1,,,,results/mes_switching/checkpoints/Currin_2D__DRO-MES-MES__seed45.json
mes_switching,Currin_2D,Currin_2D,46,0.14951012361592753,50,5,,,,results/mes_switching/checkpoints/Currin_2D__DRO-MES-MES__seed46.json
mes_switching,Currin_2D,Currin_2D,42,0.049454577286871526,50,16,,,,results/mes_switching/checkpoints/Currin_2D__NaiveBO-EI__seed42.json
mes_switching,Currin_2D,Currin_2D,43,0.001986919544615162,50,20,,,,results/mes_switching/checkpoints/Currin_2D__NaiveBO-EI__seed43.json
mes_switching,Currin_2D,Currin_2D,44,0.04148387538072562,50,10,,,,results/mes_switching/checkpoints/Currin_2D__NaiveBO-EI__seed44.json
mes_switching,Currin_2D,Currin_2D,45,0.0006217498728613435,50,30,,,,results/mes_switching/checkpoints/Currin_2D__NaiveBO-EI__seed45.json
mes_switching,Currin_2D,Currin_2D,46,9.978242696107031e-06,50,8,,,,results/mes_switching/checkpoints/Currin_2D__NaiveBO-EI__seed46.json
mes_switching,Currin_2D,Currin_2D,42,0.0002575478173554302,50,14,,,,results/mes_switching/checkpoints/Currin_2D__NaiveBO-MES__seed42.json
mes_switching,Currin_2D,Currin_2D,43,4.664258204556404e-06,50,6,,,,results/mes_switching/checkpoints/Currin_2D__NaiveBO-MES__seed43.json
mes_switching,Currin_2D,Currin_2D,44,3.6925800017684196e-07,50,12,,,,results/mes_switching/checkpoints/Currin_2D__NaiveBO-MES__seed44.json
mes_switching,Currin_2D,Currin_2D,45,2.7567819106621982e-05,50,11,,,,results/mes_switching/checkpoints/Currin_2D__NaiveBO-MES__seed45.json
mes_switching,Currin_2D,Currin_2D,46,2.213758168068125e-05,50,13,,,,results/mes_switching/checkpoints/Currin_2D__NaiveBO-MES__seed46.json
mes_switching,Hartmann_6D,Hartmann_6D,42,1.655679054995392,50,1,,,,results/mes_switching/checkpoints/Hartmann_6D__DRO-EI-Impr__seed42.json
mes_switching,Hartmann_6D,Hartmann_6D,43,2.0965424246196953,50,2,,,,results/mes_switching/checkpoints/Hartmann_6D__DRO-EI-Impr__seed43.json
mes_switching,Hartmann_6D,Hartmann_6D,44,2.377186423978743,50,1,,,,results/mes_switching/checkpoints/Hartmann_6D__DRO-EI-Impr__seed44.json
mes_switching,Hartmann_6D,Hartmann_6D,45,2.647932528487601,50,2,,,,results/mes_switching/checkpoints/Hartmann_6D__DRO-EI-Impr__seed45.json
mes_switching,Hartmann_6D,Hartmann_6D,46,2.857192215711494,50,1,,,,results/mes_switching/checkpoints/Hartmann_6D__DRO-EI-Impr__seed46.json
mes_switching,Hartmann_6D,Hartmann_6D,42,1.8476766491473755,50,1,,,,results/mes_switching/checkpoints/Hartmann_6D__DRO-EI-MES__seed42.json
mes_switching,Hartmann_6D,Hartmann_6D,43,1.9375191066016968,50,2,,,,results/mes_switching/checkpoints/Hartmann_6D__DRO-EI-MES__seed43.json
mes_switching,Hartmann_6D,Hartmann_6D,44,2.377186423978743,50,1,,,,results/mes_switching/checkpoints/Hartmann_6D__DRO-EI-MES__seed44.json
mes_switching,Hartmann_6D,Hartmann_6D,45,2.6577964655466433,50,1,,,,results/mes_switching/checkpoints/Hartmann_6D__DRO-EI-MES__seed45.json
mes_switching,Hartmann_6D,Hartmann_6D,46,2.6533810545926664,50,2,,,,results/mes_switching/checkpoints/Hartmann_6D__DRO-EI-MES__seed46.json
mes_switching,Hartmann_6D,Hartmann_6D,42,2.538480375531085,50,1,,,,results/mes_switching/checkpoints/Hartmann_6D__DRO-MES-Impr__seed42.json
mes_switching,Hartmann_6D,Hartmann_6D,43,2.127063094736726,50,1,,,,results/mes_switching/checkpoints/Hartmann_6D__DRO-MES-Impr__seed43.json
mes_switching,Hartmann_6D,Hartmann_6D,44,2.377186423978743,50,1,,,,results/mes_switching/checkpoints/Hartmann_6D__DRO-MES-Impr__seed44.json
mes_switching,Hartmann_6D,Hartmann_6D,45,2.6577964655466433,50,1,,,,results/mes_switching/checkpoints/Hartmann_6D__DRO-MES-Impr__seed45.json
mes_switching,Hartmann_6D,Hartmann_6D,46,2.8483528796682474,50,2,,,,results/mes_switching/checkpoints/Hartmann_6D__DRO-MES-Impr__seed46.json
mes_switching,Hartmann_6D,Hartmann_6D,42,1.7879083518010708,50,1,,,,results/mes_switching/checkpoints/Hartmann_6D__DRO-MES-MES__seed42.json
mes_switching,Hartmann_6D,Hartmann_6D,43,2.054341776560287,50,1,,,,results/mes_switching/checkpoints/Hartmann_6D__DRO-MES-MES__seed43.json
mes_switching,Hartmann_6D,Hartmann_6D,44,2.377186423978743,50,1,,,,results/mes_switching/checkpoints/Hartmann_6D__DRO-MES-MES__seed44.json
mes_switching,Hartmann_6D,Hartmann_6D,45,2.6577964655466433,50,1,,,,results/mes_switching/checkpoints/Hartmann_6D__DRO-MES-MES__seed45.json
mes_switching,Hartmann_6D,Hartmann_6D,46,2.929788187669135,50,2,,,,results/mes_switching/checkpoints/Hartmann_6D__DRO-MES-MES__seed46.json
mes_switching,Hartmann_6D,Hartmann_6D,42,0.056296673899169036,50,15,,,,results/mes_switching/checkpoints/Hartmann_6D__NaiveBO-EI__seed42.json
mes_switching,Hartmann_6D,Hartmann_6D,43,0.1323972777395599,50,15,,,,results/mes_switching/checkpoints/Hartmann_6D__NaiveBO-EI__seed43.json
mes_switching,Hartmann_6D,Hartmann_6D,44,0.042313267690991196,50,17,,,,results/mes_switching/checkpoints/Hartmann_6D__NaiveBO-EI__seed44.json
mes_switching,Hartmann_6D,Hartmann_6D,45,1.1251755509321404,50,18,,,,results/mes_switching/checkpoints/Hartmann_6D__NaiveBO-EI__seed45.json
mes_switching,Hartmann_6D,Hartmann_6D,46,0.060915864192296,50,13,,,,results/mes_switching/checkpoints/Hartmann_6D__NaiveBO-EI__seed46.json
mes_switching,Hartmann_6D,Hartmann_6D,42,0.059745054985994805,50,11,,,,results/mes_switching/checkpoints/Hartmann_6D__NaiveBO-MES__seed42.json
mes_switching,Hartmann_6D,Hartmann_6D,43,0.16998531206075107,50,14,,,,results/mes_switching/checkpoints/Hartmann_6D__NaiveBO-MES__seed43.json
mes_switching,Hartmann_6D,Hartmann_6D,44,0.035081663761938664,50,9,,,,results/mes_switching/checkpoints/Hartmann_6D__NaiveBO-MES__seed44.json
mes_switching,Hartmann_6D,Hartmann_6D,45,0.14937543644020623,50,18,,,,results/mes_switching/checkpoints/Hartmann_6D__NaiveBO-MES__seed45.json
mes_switching,Hartmann_6D,Hartmann_6D,46,0.03386095998129557,50,12,,,,results/mes_switching/checkpoints/Hartmann_6D__NaiveBO-MES__seed46.json
mes_switching,Rosenbrock_2D,Rosenbrock_2D,42,11.186075463419272,50,2,,,,results/mes_switching/checkpoints/Rosenbrock_2D__DRO-EI-Impr__seed42.json
mes_switching,Rosenbrock_2D,Rosenbrock_2D,43,7.481722619497396,50,4,,,,results/mes_switching/checkpoints/Rosenbrock_2D__DRO-EI-Impr__seed43.json
mes_switching,Rosenbrock_2D,Rosenbrock_2D,44,1.1294229380984924,50,2,,,,results/mes_switching/checkpoints/Rosenbrock_2D__DRO-EI-Impr__seed44.json
mes_switching,Rosenbrock_2D,Rosenbrock_2D,45,4.652550333289625,50,2,,,,results/mes_switching/checkpoints/Rosenbrock_2D__DRO-EI-Impr__seed45.json
mes_switching,Rosenbrock_2D,Rosenbrock_2D,46,3.615330603781703,50,5,,,,results/mes_switching/checkpoints/Rosenbrock_2D__DRO-EI-Impr__seed46.json
mes_switching,Rosenbrock_2D,Rosenbrock_2D,42,2.618106014754275,50,4,,,,results/mes_switching/checkpoints/Rosenbrock_2D__DRO-EI-MES__seed42.json
mes_switching,Rosenbrock_2D,Rosenbrock_2D,43,3.555422335556431,50,4,,,,results/mes_switching/checkpoints/Rosenbrock_2D__DRO-EI-MES__seed43.json
mes_switching,Rosenbrock_2D,Rosenbrock_2D,44,1.564282577234205,50,3,,,,results/mes_switching/checkpoints/Rosenbrock_2D__DRO-EI-MES__seed44.json
mes_switching,Rosenbrock_2D,Rosenbrock_2D,45,0.5425822849590506,50,2,,,,results/mes_switching/checkpoints/Rosenbrock_2D__DRO-EI-MES__seed45.json
mes_switching,Rosenbrock_2D,Rosenbrock_2D,46,0.31836118456705953,50,6,,,,results/mes_switching/checkpoints/Rosenbrock_2D__DRO-EI-MES__seed46.json
mes_switching,Rosenbrock_2D,Rosenbrock_2D,42,36.84849331831986,50,1,,,,results/mes_switching/checkpoints/Rosenbrock_2D__DRO-MES-Impr__seed42.json
mes_switching,Rosenbrock_2D,Rosenbrock_2D,43,34.7133007354397,50,3,,,,results/mes_switching/checkpoints/Rosenbrock_2D__DRO-MES-Impr__seed43.json
mes_switching,Rosenbrock_2D,Rosenbrock_2D,44,8.186661330545295,50,2,,,,results/mes_switching/checkpoints/Rosenbrock_2D__DRO-MES-Impr__seed44.json
mes_switching,Rosenbrock_2D,Rosenbrock_2D,45,99.73717989684444,50,4,,,,results/mes_switching/checkpoints/Rosenbrock_2D__DRO-MES-Impr__seed45.json
mes_switching,Rosenbrock_2D,Rosenbrock_2D,46,52.99818327194951,50,2,,,,results/mes_switching/checkpoints/Rosenbrock_2D__DRO-MES-Impr__seed46.json
mes_switching,Rosenbrock_2D,Rosenbrock_2D,42,21.712413418385815,50,3,,,,results/mes_switching/checkpoints/Rosenbrock_2D__DRO-MES-MES__seed42.json
mes_switching,Rosenbrock_2D,Rosenbrock_2D,43,4.5997950822508935,50,2,,,,results/mes_switching/checkpoints/Rosenbrock_2D__DRO-MES-MES__seed43.json
mes_switching,Rosenbrock_2D,Rosenbrock_2D,44,0.6251394348477188,50,2,,,,results/mes_switching/checkpoints/Rosenbrock_2D__DRO-MES-MES__seed44.json
mes_switching,Rosenbrock_2D,Rosenbrock_2D,45,3.8542746970722397,50,4,,,,results/mes_switching/checkpoints/Rosenbrock_2D__DRO-MES-MES__seed45.json
mes_switching,Rosenbrock_2D,Rosenbrock_2D,46,4.2793164952127105,50,2,,,,results/mes_switching/checkpoints/Rosenbrock_2D__DRO-MES-MES__seed46.json
mes_switching,Rosenbrock_2D,Rosenbrock_2D,42,6.623645366435156,50,2,,,,results/mes_switching/checkpoints/Rosenbrock_2D__NaiveBO-EI__seed42.json
mes_switching,Rosenbrock_2D,Rosenbrock_2D,43,7.034046587897585,50,5,,,,results/mes_switching/checkpoints/Rosenbrock_2D__NaiveBO-EI__seed43.json
mes_switching,Rosenbrock_2D,Rosenbrock_2D,44,1.4481255673815432,50,6,,,,results/mes_switching/checkpoints/Rosenbrock_2D__NaiveBO-EI__seed44.json
mes_switching,Rosenbrock_2D,Rosenbrock_2D,45,5.4710422909626395,50,5,,,,results/mes_switching/checkpoints/Rosenbrock_2D__NaiveBO-EI__seed45.json
mes_switching,Rosenbrock_2D,Rosenbrock_2D,46,4.919561935581343,50,7,,,,results/mes_switching/checkpoints/Rosenbrock_2D__NaiveBO-EI__seed46.json
mes_switching,Rosenbrock_2D,Rosenbrock_2D,42,7.859342363727083,50,5,,,,results/mes_switching/checkpoints/Rosenbrock_2D__NaiveBO-MES__seed42.json
mes_switching,Rosenbrock_2D,Rosenbrock_2D,43,6.001752201106396,50,2,,,,results/mes_switching/checkpoints/Rosenbrock_2D__NaiveBO-MES__seed43.json
mes_switching,Rosenbrock_2D,Rosenbrock_2D,44,11.092194498456927,50,4,,,,results/mes_switching/checkpoints/Rosenbrock_2D__NaiveBO-MES__seed44.json
mes_switching,Rosenbrock_2D,Rosenbrock_2D,45,7.9565426260185514,50,2,,,,results/mes_switching/checkpoints/Rosenbrock_2D__NaiveBO-MES__seed45.json
mes_switching,Rosenbrock_2D,Rosenbrock_2D,46,7.649504669589217,50,2,,,,results/mes_switching/checkpoints/Rosenbrock_2D__NaiveBO-MES__seed46.json
mes_switching_v2_cluster,Ackley_10D,Ackley_10D,42,0.21806218713675607,200,26,,,,results/mes_switching_v2_cluster/checkpoints/Ackley_10D__DRO-MES-Impr__seed42.json
mes_switching_v2_cluster,Ackley_10D,Ackley_10D,43,0.2521358026146179,200,22,,,,results/mes_switching_v2_cluster/checkpoints/Ackley_10D__DRO-MES-Impr__seed43.json
mes_switching_v2_cluster,Ackley_10D,Ackley_10D,44,0.1897332948964885,200,20,,,,results/mes_switching_v2_cluster/checkpoints/Ackley_10D__DRO-MES-Impr__seed44.json
mes_switching_v2_cluster,Ackley_10D,Ackley_10D,45,0.28074966007056945,200,27,,,,results/mes_switching_v2_cluster/checkpoints/Ackley_10D__DRO-MES-Impr__seed45.json
mes_switching_v2_cluster,Ackley_10D,Ackley_10D,46,0.40149088323450544,200,19,,,,results/mes_switching_v2_cluster/checkpoints/Ackley_10D__DRO-MES-Impr__seed46.json
mes_switching_v2_cluster,Ackley_10D,Ackley_10D,42,0.20000682913237045,200,21,,,,results/mes_switching_v2_cluster/checkpoints/Ackley_10D__DRO-MES-MES__seed42.json
mes_switching_v2_cluster,Ackley_10D,Ackley_10D,43,0.22737892859191833,200,28,,,,results/mes_switching_v2_cluster/checkpoints/Ackley_10D__DRO-MES-MES__seed43.json
mes_switching_v2_cluster,Ackley_10D,Ackley_10D,44,0.16554204761803293,200,29,,,,results/mes_switching_v2_cluster/checkpoints/Ackley_10D__DRO-MES-MES__seed44.json
mes_switching_v2_cluster,Ackley_10D,Ackley_10D,45,0.17937625584257377,200,25,,,,results/mes_switching_v2_cluster/checkpoints/Ackley_10D__DRO-MES-MES__seed45.json
mes_switching_v2_cluster,Ackley_10D,Ackley_10D,46,0.4766898975431144,200,27,,,,results/mes_switching_v2_cluster/checkpoints/Ackley_10D__DRO-MES-MES__seed46.json
mes_switching_v2_cluster,Ackley_10D,Ackley_10D,42,0.23209426539616063,200,24,,,,results/mes_switching_v2_cluster/checkpoints/Ackley_10D__DRO-MES-jointMES__seed42.json
mes_switching_v2_cluster,Ackley_10D,Ackley_10D,43,0.37672057092282474,200,26,,,,results/mes_switching_v2_cluster/checkpoints/Ackley_10D__DRO-MES-jointMES__seed43.json
mes_switching_v2_cluster,Ackley_10D,Ackley_10D,44,0.19281005089092362,200,26,,,,results/mes_switching_v2_cluster/checkpoints/Ackley_10D__DRO-MES-jointMES__seed44.json
mes_switching_v2_cluster,Ackley_10D,Ackley_10D,45,0.22105949344581122,200,27,,,,results/mes_switching_v2_cluster/checkpoints/Ackley_10D__DRO-MES-jointMES__seed45.json
mes_switching_v2_cluster,Ackley_10D,Ackley_10D,46,0.12311979782812132,200,28,,,,results/mes_switching_v2_cluster/checkpoints/Ackley_10D__DRO-MES-jointMES__seed46.json
mes_switching_v2_cluster,Ackley_10D,Ackley_10D,42,0.28032305414606684,200,20,,,,results/mes_switching_v2_cluster/checkpoints/Ackley_10D__DRO-rotate-Impr__seed42.json
mes_switching_v2_cluster,Ackley_10D,Ackley_10D,43,0.23485209247423855,200,18,,,,results/mes_switching_v2_cluster/checkpoints/Ackley_10D__DRO-rotate-Impr__seed43.json
mes_switching_v2_cluster,Ackley_10D,Ackley_10D,44,0.17884229908791527,200,33,,,,results/mes_switching_v2_cluster/checkpoints/Ackley_10D__DRO-rotate-Impr__seed44.json
mes_switching_v2_cluster,Ackley_10D,Ackley_10D,45,0.12311821189608141,200,32,,,,results/mes_switching_v2_cluster/checkpoints/Ackley_10D__DRO-rotate-Impr__seed45.json
mes_switching_v2_cluster,Ackley_10D,Ackley_10D,46,0.10351575383055023,200,33,,,,results/mes_switching_v2_cluster/checkpoints/Ackley_10D__DRO-rotate-Impr__seed46.json
mes_switching_v2_cluster,Ackley_10D,Ackley_10D,42,0.15423776237032572,200,25,,,,results/mes_switching_v2_cluster/checkpoints/Ackley_10D__DRO-rotate-MES__seed42.json
mes_switching_v2_cluster,Ackley_10D,Ackley_10D,43,0.1596197948898852,200,24,,,,results/mes_switching_v2_cluster/checkpoints/Ackley_10D__DRO-rotate-MES__seed43.json
mes_switching_v2_cluster,Ackley_10D,Ackley_10D,44,0.19379693533766984,200,29,,,,results/mes_switching_v2_cluster/checkpoints/Ackley_10D__DRO-rotate-MES__seed44.json
mes_switching_v2_cluster,Ackley_10D,Ackley_10D,45,0.18385836683200596,200,30,,,,results/mes_switching_v2_cluster/checkpoints/Ackley_10D__DRO-rotate-MES__seed45.json
mes_switching_v2_cluster,Ackley_10D,Ackley_10D,46,0.8673939634083472,200,25,,,,results/mes_switching_v2_cluster/checkpoints/Ackley_10D__DRO-rotate-MES__seed46.json
mes_switching_v2_cluster,Ackley_10D,Ackley_10D,42,0.18930219854069152,200,23,,,,results/mes_switching_v2_cluster/checkpoints/Ackley_10D__DRO-rotate-jointMES__seed42.json
mes_switching_v2_cluster,Ackley_10D,Ackley_10D,43,0.2203613532292228,200,21,,,,results/mes_switching_v2_cluster/checkpoints/Ackley_10D__DRO-rotate-jointMES__seed43.json
mes_switching_v2_cluster,Ackley_10D,Ackley_10D,44,0.22894912247559107,200,23,,,,results/mes_switching_v2_cluster/checkpoints/Ackley_10D__DRO-rotate-jointMES__seed44.json
mes_switching_v2_cluster,Ackley_10D,Ackley_10D,45,0.1882458729676384,200,22,,,,results/mes_switching_v2_cluster/checkpoints/Ackley_10D__DRO-rotate-jointMES__seed45.json
mes_switching_v2_cluster,Ackley_10D,Ackley_10D,46,0.22209825507174985,200,24,,,,results/mes_switching_v2_cluster/checkpoints/Ackley_10D__DRO-rotate-jointMES__seed46.json
mes_switching_v2_cluster,Ackley_10D,Ackley_10D,42,18.485802955619306,200,4,,,,results/mes_switching_v2_cluster/checkpoints/Ackley_10D__NaiveBO-EI__seed42.json
mes_switching_v2_cluster,Ackley_10D,Ackley_10D,43,19.497418420368113,200,2,,,,results/mes_switching_v2_cluster/checkpoints/Ackley_10D__NaiveBO-EI__seed43.json
mes_switching_v2_cluster,Ackley_10D,Ackley_10D,44,19.264749513421375,200,2,,,,results/mes_switching_v2_cluster/checkpoints/Ackley_10D__NaiveBO-EI__seed44.json
mes_switching_v2_cluster,Ackley_10D,Ackley_10D,45,18.658622673743917,200,2,,,,results/mes_switching_v2_cluster/checkpoints/Ackley_10D__NaiveBO-EI__seed45.json
mes_switching_v2_cluster,Ackley_10D,Ackley_10D,46,19.575200489880842,200,3,,,,results/mes_switching_v2_cluster/checkpoints/Ackley_10D__NaiveBO-EI__seed46.json
mes_switching_v2_cluster,Ackley_10D,Ackley_10D,42,19.138864384636697,200,4,,,,results/mes_switching_v2_cluster/checkpoints/Ackley_10D__NaiveBO-MES__seed42.json
mes_switching_v2_cluster,Ackley_10D,Ackley_10D,43,19.37087263030724,200,2,,,,results/mes_switching_v2_cluster/checkpoints/Ackley_10D__NaiveBO-MES__seed43.json
mes_switching_v2_cluster,Ackley_10D,Ackley_10D,44,19.500330009815567,200,3,,,,results/mes_switching_v2_cluster/checkpoints/Ackley_10D__NaiveBO-MES__seed44.json
mes_switching_v2_cluster,Ackley_10D,Ackley_10D,45,19.450466383287974,200,2,,,,results/mes_switching_v2_cluster/checkpoints/Ackley_10D__NaiveBO-MES__seed45.json
mes_switching_v2_cluster,Ackley_10D,Ackley_10D,46,19.385451541282833,200,2,,,,results/mes_switching_v2_cluster/checkpoints/Ackley_10D__NaiveBO-MES__seed46.json
mes_switching_v2_cluster,Ackley_2D,Ackley_2D,42,0.04071495759944499,200,8,,,,results/mes_switching_v2_cluster/checkpoints/Ackley_2D__DRO-MES-Impr__seed42.json
mes_switching_v2_cluster,Ackley_2D,Ackley_2D,43,0.01500480972558238,200,14,,,,results/mes_switching_v2_cluster/checkpoints/Ackley_2D__DRO-MES-Impr__seed43.json
mes_switching_v2_cluster,Ackley_2D,Ackley_2D,44,0.007648199035113823,200,14,,,,results/mes_switching_v2_cluster/checkpoints/Ackley_2D__DRO-MES-Impr__seed44.json
mes_switching_v2_cluster,Ackley_2D,Ackley_2D,45,4.440892098500626e-16,200,1,,,,results/mes_switching_v2_cluster/checkpoints/Ackley_2D__DRO-MES-Impr__seed45.json
mes_switching_v2_cluster,Ackley_2D,Ackley_2D,46,4.440892098500626e-16,200,1,,,,results/mes_switching_v2_cluster/checkpoints/Ackley_2D__DRO-MES-Impr__seed46.json
mes_switching_v2_cluster,Ackley_2D,Ackley_2D,42,0.02059147670484096,200,14,,,,results/mes_switching_v2_cluster/checkpoints/Ackley_2D__DRO-MES-MES__seed42.json
mes_switching_v2_cluster,Ackley_2D,Ackley_2D,43,0.02286710774722467,200,15,,,,results/mes_switching_v2_cluster/checkpoints/Ackley_2D__DRO-MES-MES__seed43.json
mes_switching_v2_cluster,Ackley_2D,Ackley_2D,44,0.02003432863542942,200,14,,,,results/mes_switching_v2_cluster/checkpoints/Ackley_2D__DRO-MES-MES__seed44.json
mes_switching_v2_cluster,Ackley_2D,Ackley_2D,45,4.440892098500626e-16,200,1,,,,results/mes_switching_v2_cluster/checkpoints/Ackley_2D__DRO-MES-MES__seed45.json
mes_switching_v2_cluster,Ackley_2D,Ackley_2D,46,4.440892098500626e-16,200,1,,,,results/mes_switching_v2_cluster/checkpoints/Ackley_2D__DRO-MES-MES__seed46.json
mes_switching_v2_cluster,Ackley_2D,Ackley_2D,42,0.03650693005972672,200,11,,,,results/mes_switching_v2_cluster/checkpoints/Ackley_2D__DRO-MES-jointMES__seed42.json
mes_switching_v2_cluster,Ackley_2D,Ackley_2D,43,0.02131461351669417,200,14,,,,results/mes_switching_v2_cluster/checkpoints/Ackley_2D__DRO-MES-jointMES__seed43.json
mes_switching_v2_cluster,Ackley_2D,Ackley_2D,44,0.022801305543844297,200,14,,,,results/mes_switching_v2_cluster/checkpoints/Ackley_2D__DRO-MES-jointMES__seed44.json
mes_switching_v2_cluster,Ackley_2D,Ackley_2D,45,4.440892098500626e-16,200,1,,,,results/mes_switching_v2_cluster/checkpoints/Ackley_2D__DRO-MES-jointMES__seed45.json
mes_switching_v2_cluster,Ackley_2D,Ackley_2D,46,4.440892098500626e-16,200,1,,,,results/mes_switching_v2_cluster/checkpoints/Ackley_2D__DRO-MES-jointMES__seed46.json
mes_switching_v2_cluster,Ackley_2D,Ackley_2D,42,0.01171051312659488,200,9,,,,results/mes_switching_v2_cluster/checkpoints/Ackley_2D__DRO-rotate-Impr__seed42.json
mes_switching_v2_cluster,Ackley_2D,Ackley_2D,43,0.15730075144252043,200,10,,,,results/mes_switching_v2_cluster/checkpoints/Ackley_2D__DRO-rotate-Impr__seed43.json
mes_switching_v2_cluster,Ackley_2D,Ackley_2D,44,0.020241086547262643,200,17,,,,results/mes_switching_v2_cluster/checkpoints/Ackley_2D__DRO-rotate-Impr__seed44.json
mes_switching_v2_cluster,Ackley_2D,Ackley_2D,45,4.440892098500626e-16,200,1,,,,results/mes_switching_v2_cluster/checkpoints/Ackley_2D__DRO-rotate-Impr__seed45.json
mes_switching_v2_cluster,Ackley_2D,Ackley_2D,46,4.440892098500626e-16,200,1,,,,results/mes_switching_v2_cluster/checkpoints/Ackley_2D__DRO-rotate-Impr__seed46.json
mes_switching_v2_cluster,Ackley_2D,Ackley_2D,42,0.016526812896615173,200,15,,,,results/mes_switching_v2_cluster/checkpoints/Ackley_2D__DRO-rotate-MES__seed42.json
mes_switching_v2_cluster,Ackley_2D,Ackley_2D,43,0.02041431091849022,200,13,,,,results/mes_switching_v2_cluster/checkpoints/Ackley_2D__DRO-rotate-MES__seed43.json
mes_switching_v2_cluster,Ackley_2D,Ackley_2D,44,0.015267121355031055,200,12,,,,results/mes_switching_v2_cluster/checkpoints/Ackley_2D__DRO-rotate-MES__seed44.json
mes_switching_v2_cluster,Ackley_2D,Ackley_2D,45,4.440892098500626e-16,200,1,,,,results/mes_switching_v2_cluster/checkpoints/Ackley_2D__DRO-rotate-MES__seed45.json
mes_switching_v2_cluster,Ackley_2D,Ackley_2D,46,4.440892098500626e-16,200,1,,,,results/mes_switching_v2_cluster/checkpoints/Ackley_2D__DRO-rotate-MES__seed46.json
mes_switching_v2_cluster,Ackley_2D,Ackley_2D,42,0.036076637384387045,200,14,,,,results/mes_switching_v2_cluster/checkpoints/Ackley_2D__DRO-rotate-jointMES__seed42.json
mes_switching_v2_cluster,Ackley_2D,Ackley_2D,43,0.010807205558542865,200,12,,,,results/mes_switching_v2_cluster/checkpoints/Ackley_2D__DRO-rotate-jointMES__seed43.json
mes_switching_v2_cluster,Ackley_2D,Ackley_2D,44,0.010843974376190335,200,10,,,,results/mes_switching_v2_cluster/checkpoints/Ackley_2D__DRO-rotate-jointMES__seed44.json
mes_switching_v2_cluster,Ackley_2D,Ackley_2D,45,4.440892098500626e-16,200,1,,,,results/mes_switching_v2_cluster/checkpoints/Ackley_2D__DRO-rotate-jointMES__seed45.json
mes_switching_v2_cluster,Ackley_2D,Ackley_2D,46,4.440892098500626e-16,200,1,,,,results/mes_switching_v2_cluster/checkpoints/Ackley_2D__DRO-rotate-jointMES__seed46.json
mes_switching_v2_cluster,Ackley_2D,Ackley_2D,42,3.1242851330588164,200,6,,,,results/mes_switching_v2_cluster/checkpoints/Ackley_2D__NaiveBO-EI__seed42.json
mes_switching_v2_cluster,Ackley_2D,Ackley_2D,43,3.543298152101077,200,8,,,,results/mes_switching_v2_cluster/checkpoints/Ackley_2D__NaiveBO-EI__seed43.json
mes_switching_v2_cluster,Ackley_2D,Ackley_2D,44,3.009727498239702,200,9,,,,results/mes_switching_v2_cluster/checkpoints/Ackley_2D__NaiveBO-EI__seed44.json
mes_switching_v2_cluster,Ackley_2D,Ackley_2D,45,1.346722415410302,200,5,,,,results/mes_switching_v2_cluster/checkpoints/Ackley_2D__NaiveBO-EI__seed45.json
mes_switching_v2_cluster,Ackley_2D,Ackley_2D,46,2.5912975507268787,200,15,,,,results/mes_switching_v2_cluster/checkpoints/Ackley_2D__NaiveBO-EI__seed46.json
mes_switching_v2_cluster,Ackley_2D,Ackley_2D,42,0.32517329705885034,200,8,,,,results/mes_switching_v2_cluster/checkpoints/Ackley_2D__NaiveBO-MES__seed42.json
mes_switching_v2_cluster,Ackley_2D,Ackley_2D,43,0.5219310439275451,200,24,,,,results/mes_switching_v2_cluster/checkpoints/Ackley_2D__NaiveBO-MES__seed43.json
mes_switching_v2_cluster,Ackley_2D,Ackley_2D,44,0.21222817668714855,200,13,,,,results/mes_switching_v2_cluster/checkpoints/Ackley_2D__NaiveBO-MES__seed44.json
mes_switching_v2_cluster,Ackley_2D,Ackley_2D,45,0.2691341739307629,200,15,,,,results/mes_switching_v2_cluster/checkpoints/Ackley_2D__NaiveBO-MES__seed45.json
mes_switching_v2_cluster,Ackley_2D,Ackley_2D,46,0.43872155248574574,200,17,,,,results/mes_switching_v2_cluster/checkpoints/Ackley_2D__NaiveBO-MES__seed46.json
mes_switching_v2_cluster,Ackley_5D,Ackley_5D,42,4.440892098500626e-16,200,1,,,,results/mes_switching_v2_cluster/checkpoints/Ackley_5D__DRO-MES-Impr__seed42.json
mes_switching_v2_cluster,Ackley_5D,Ackley_5D,43,0.007803724373314669,200,19,,,,results/mes_switching_v2_cluster/checkpoints/Ackley_5D__DRO-MES-Impr__seed43.json
mes_switching_v2_cluster,Ackley_5D,Ackley_5D,44,0.00506450729738761,200,33,,,,results/mes_switching_v2_cluster/checkpoints/Ackley_5D__DRO-MES-Impr__seed44.json
mes_switching_v2_cluster,Ackley_5D,Ackley_5D,45,0.011560129148115994,200,40,,,,results/mes_switching_v2_cluster/checkpoints/Ackley_5D__DRO-MES-Impr__seed45.json
mes_switching_v2_cluster,Ackley_5D,Ackley_5D,46,0.006143324517243531,200,27,,,,results/mes_switching_v2_cluster/checkpoints/Ackley_5D__DRO-MES-Impr__seed46.json
mes_switching_v2_cluster,Ackley_5D,Ackley_5D,42,4.440892098500626e-16,200,1,,,,results/mes_switching_v2_cluster/checkpoints/Ackley_5D__DRO-MES-MES__seed42.json
mes_switching_v2_cluster,Ackley_5D,Ackley_5D,43,0.014477687978999842,200,27,,,,results/mes_switching_v2_cluster/checkpoints/Ackley_5D__DRO-MES-MES__seed43.json
mes_switching_v2_cluster,Ackley_5D,Ackley_5D,44,0.010119605596696335,200,25,,,,results/mes_switching_v2_cluster/checkpoints/Ackley_5D__DRO-MES-MES__seed44.json
mes_switching_v2_cluster,Ackley_5D,Ackley_5D,45,0.010849365926475674,200,26,,,,results/mes_switching_v2_cluster/checkpoints/Ackley_5D__DRO-MES-MES__seed45.json
mes_switching_v2_cluster,Ackley_5D,Ackley_5D,46,0.010144617092724406,200,36,,,,results/mes_switching_v2_cluster/checkpoints/Ackley_5D__DRO-MES-MES__seed46.json
mes_switching_v2_cluster,Ackley_5D,Ackley_5D,42,4.440892098500626e-16,200,1,,,,results/mes_switching_v2_cluster/checkpoints/Ackley_5D__DRO-MES-jointMES__seed42.json
mes_switching_v2_cluster,Ackley_5D,Ackley_5D,43,0.0072095924415518375,200,34,,,,results/mes_switching_v2_cluster/checkpoints/Ackley_5D__DRO-MES-jointMES__seed43.json
mes_switching_v2_cluster,Ackley_5D,Ackley_5D,44,0.011922012426016426,200,30,,,,results/mes_switching_v2_cluster/checkpoints/Ackley_5D__DRO-MES-jointMES__seed44.json
mes_switching_v2_cluster,Ackley_5D,Ackley_5D,45,0.010045748897351547,200,39,,,,results/mes_switching_v2_cluster/checkpoints/Ackley_5D__DRO-MES-jointMES__seed45.json
mes_switching_v2_cluster,Ackley_5D,Ackley_5D,46,0.008133369924678835,200,26,,,,results/mes_switching_v2_cluster/checkpoints/Ackley_5D__DRO-MES-jointMES__seed46.json
mes_switching_v2_cluster,Ackley_5D,Ackley_5D,42,4.440892098500626e-16,200,1,,,,results/mes_switching_v2_cluster/checkpoints/Ackley_5D__DRO-rotate-Impr__seed42.json
mes_switching_v2_cluster,Ackley_5D,Ackley_5D,43,0.009579623622660183,200,27,,,,results/mes_switching_v2_cluster/checkpoints/Ackley_5D__DRO-rotate-Impr__seed43.json
mes_switching_v2_cluster,Ackley_5D,Ackley_5D,44,0.005202186583716628,200,27,,,,results/mes_switching_v2_cluster/checkpoints/Ackley_5D__DRO-rotate-Impr__seed44.json
mes_switching_v2_cluster,Ackley_5D,Ackley_5D,45,0.005304965315890531,200,30,,,,results/mes_switching_v2_cluster/checkpoints/Ackley_5D__DRO-rotate-Impr__seed45.json
mes_switching_v2_cluster,Ackley_5D,Ackley_5D,46,0.006708781895529814,200,30,,,,results/mes_switching_v2_cluster/checkpoints/Ackley_5D__DRO-rotate-Impr__seed46.json
mes_switching_v2_cluster,Ackley_5D,Ackley_5D,42,4.440892098500626e-16,200,1,,,,results/mes_switching_v2_cluster/checkpoints/Ackley_5D__DRO-rotate-MES__seed42.json
mes_switching_v2_cluster,Ackley_5D,Ackley_5D,43,0.009622284899891032,200,36,,,,results/mes_switching_v2_cluster/checkpoints/Ackley_5D__DRO-rotate-MES__seed43.json
mes_switching_v2_cluster,Ackley_5D,Ackley_5D,44,0.01734250400225479,200,33,,,,results/mes_switching_v2_cluster/checkpoints/Ackley_5D__DRO-rotate-MES__seed44.json
mes_switching_v2_cluster,Ackley_5D,Ackley_5D,45,0.010102639757743948,200,29,,,,results/mes_switching_v2_cluster/checkpoints/Ackley_5D__DRO-rotate-MES__seed45.json
mes_switching_v2_cluster,Ackley_5D,Ackley_5D,46,0.005403099178515891,200,29,,,,results/mes_switching_v2_cluster/checkpoints/Ackley_5D__DRO-rotate-MES__seed46.json
mes_switching_v2_cluster,Ackley_5D,Ackley_5D,42,4.440892098500626e-16,200,1,,,,results/mes_switching_v2_cluster/checkpoints/Ackley_5D__DRO-rotate-jointMES__seed42.json
mes_switching_v2_cluster,Ackley_5D,Ackley_5D,43,0.011848101554545298,200,38,,,,results/mes_switching_v2_cluster/checkpoints/Ackley_5D__DRO-rotate-jointMES__seed43.json
mes_switching_v2_cluster,Ackley_5D,Ackley_5D,44,0.00664406643671045,200,32,,,,results/mes_switching_v2_cluster/checkpoints/Ackley_5D__DRO-rotate-jointMES__seed44.json
mes_switching_v2_cluster,Ackley_5D,Ackley_5D,45,0.010763844876742201,200,30,,,,results/mes_switching_v2_cluster/checkpoints/Ackley_5D__DRO-rotate-jointMES__seed45.json
mes_switching_v2_cluster,Ackley_5D,Ackley_5D,46,0.009589445671363439,200,24,,,,results/mes_switching_v2_cluster/checkpoints/Ackley_5D__DRO-rotate-jointMES__seed46.json
mes_switching_v2_cluster,Ackley_5D,Ackley_5D,42,2.5461843783370637,200,6,,,,results/mes_switching_v2_cluster/checkpoints/Ackley_5D__NaiveBO-EI__seed42.json
mes_switching_v2_cluster,Ackley_5D,Ackley_5D,43,1.8854909082090043,200,9,,,,results/mes_switching_v2_cluster/checkpoints/Ackley_5D__NaiveBO-EI__seed43.json
mes_switching_v2_cluster,Ackley_5D,Ackley_5D,44,2.613506663108915,200,17,,,,results/mes_switching_v2_cluster/checkpoints/Ackley_5D__NaiveBO-EI__seed44.json
mes_switching_v2_cluster,Ackley_5D,Ackley_5D,45,2.1932455457110156,200,15,,,,results/mes_switching_v2_cluster/checkpoints/Ackley_5D__NaiveBO-EI__seed45.json
mes_switching_v2_cluster,Ackley_5D,Ackley_5D,46,2.174371889738915,200,11,,,,results/mes_switching_v2_cluster/checkpoints/Ackley_5D__NaiveBO-EI__seed46.json
mes_switching_v2_cluster,Ackley_5D,Ackley_5D,42,0.8833425007487539,200,8,,,,results/mes_switching_v2_cluster/checkpoints/Ackley_5D__NaiveBO-MES__seed42.json
mes_switching_v2_cluster,Ackley_5D,Ackley_5D,43,1.088868888249554,200,14,,,,results/mes_switching_v2_cluster/checkpoints/Ackley_5D__NaiveBO-MES__seed43.json
mes_switching_v2_cluster,Ackley_5D,Ackley_5D,44,1.6572572784832542,200,7,,,,results/mes_switching_v2_cluster/checkpoints/Ackley_5D__NaiveBO-MES__seed44.json
mes_switching_v2_cluster,Ackley_5D,Ackley_5D,45,1.1754111132813994,200,15,,,,results/mes_switching_v2_cluster/checkpoints/Ackley_5D__NaiveBO-MES__seed45.json
mes_switching_v2_cluster,Ackley_5D,Ackley_5D,46,1.8796803352956286,200,9,,,,results/mes_switching_v2_cluster/checkpoints/Ackley_5D__NaiveBO-MES__seed46.json
mfdro_ackley_cost_ratio,cH2.0,,42,3.7835328494909928,100,4,3,420.0,0.0,results/mfdro_ackley_cost_ratio/checkpoints/cH2.0__seed42.json
mfdro_ackley_cost_ratio,cH2.0,,43,3.974706754339693,100,4,3,420.0,0.0,results/mfdro_ackley_cost_ratio/checkpoints/cH2.0__seed43.json
mfdro_ackley_cost_ratio,cH2.0,,44,5.772133762210917,100,6,5,420.0,0.0,results/mfdro_ackley_cost_ratio/checkpoints/cH2.0__seed44.json
mfdro_ackley_cost_ratio,cH2.0,,45,5.666876260373339,100,6,5,420.0,0.0,results/mfdro_ackley_cost_ratio/checkpoints/cH2.0__seed45.json
mfdro_ackley_cost_ratio,cH2.0,,46,4.563217611087456,100,5,4,420.0,0.0,results/mfdro_ackley_cost_ratio/checkpoints/cH2.0__seed46.json
mfdro_ackley_cost_ratio,cH5.0,,42,5.1815459587364,100,4,3,820.0,0.2,results/mfdro_ackley_cost_ratio/checkpoints/cH5.0__seed42.json
mfdro_ackley_cost_ratio,cH5.0,,43,4.011912073477518,100,3,2,700.0,0.5,results/mfdro_ackley_cost_ratio/checkpoints/cH5.0__seed43.json
mfdro_ackley_cost_ratio,cH5.0,,44,6.581701696440337,100,3,2,580.0,0.8,results/mfdro_ackley_cost_ratio/checkpoints/cH5.0__seed44.json
mfdro_ackley_cost_ratio,cH5.0,,45,5.9721493599230335,100,4,3,820.0,0.2,results/mfdro_ackley_cost_ratio/checkpoints/cH5.0__seed45.json
mfdro_ackley_cost_ratio,cH5.0,,46,4.793887516151603,100,2,1,900.0,0.0,results/mfdro_ackley_cost_ratio/checkpoints/cH5.0__seed46.json
mfdro_ackley_cost_ratio,ratio10,Ackley_10D,42,4.677340619798851,59,3,2,830.0,0.1694915254237288,results/mfdro_ackley_cost_ratio/checkpoints/ratio10__Ackley_10D__seed42.json
mfdro_ackley_test,Ackley_10D,Ackley_10D,42,4.761698560147721,100,8,,680.0,0.0,results/mfdro_ackley_test/checkpoints/Ackley_10D__MF-DRO__seed42.mf.json
mfdro_ackley_test,Ackley_10D,Ackley_10D,43,3.8552696792627903,100,10,,680.0,0.0,results/mfdro_ackley_test/checkpoints/Ackley_10D__MF-DRO__seed43.mf.json
mfdro_ackley_test,Ackley_10D,Ackley_10D,44,5.075217059127777,100,9,,680.0,0.0,results/mfdro_ackley_test/checkpoints/Ackley_10D__MF-DRO__seed44.mf.json
mfdro_ackley_test,D_nodt+Greedy-MES,Ackley_10D,42,2.2652530024416504,50,5,4,500.0,0.0,results/mfdro_ackley_test/checkpoints/D_nodt+Greedy-MES__Ackley_10D__seed42.json
mfdro_ackley_test,D_nodt+Greedy-MES,Ackley_10D,43,2.093883779498285,53,5,4,503.0,0.05660377358490566,results/mfdro_ackley_test/checkpoints/D_nodt+Greedy-MES__Ackley_10D__seed43.json
mfdro_ackley_test,D_nodt+Greedy-MES,Ackley_10D,44,2.5555729812032344,50,7,6,500.0,0.0,results/mfdro_ackley_test/checkpoints/D_nodt+Greedy-MES__Ackley_10D__seed44.json
mfdro_ackley_test,Greedy-MES,Ackley_10D,42,5.753481568890248,108,4,3,500.0,0.09259259259259259,results/mfdro_ackley_test/checkpoints/Greedy-MES__Ackley_10D__seed42.json
mfdro_ackley_test,Greedy-MES,Ackley_10D,43,6.086380781668787,120,8,7,500.0,0.20833333333333334,results/mfdro_ackley_test/checkpoints/Greedy-MES__Ackley_10D__seed43.json
mfdro_ackley_test,Greedy-MES,Ackley_10D,44,5.347061909815952,134,5,4,502.0,0.31343283582089554,results/mfdro_ackley_test/checkpoints/Greedy-MES__Ackley_10D__seed44.json
mfdro_ackley_test,MF-DRO,Ackley_10D,42,4.761698560147721,100,8,7,680.0,0.0,results/mfdro_ackley_test/checkpoints/MF-DRO__Ackley_10D__seed42.json
mfdro_ackley_test,MF-DRO,Ackley_10D,43,3.8552696792627903,100,10,9,680.0,0.0,results/mfdro_ackley_test/checkpoints/MF-DRO__Ackley_10D__seed43.json
mfdro_ackley_test,MF-DRO,Ackley_10D,44,5.075217059127777,100,9,8,680.0,0.0,results/mfdro_ackley_test/checkpoints/MF-DRO__Ackley_10D__seed44.json
mfdro_ackley_test,MF-GP-UCB,Ackley_10D,42,4.321967574844823,100,5,4,500.0,0.0,results/mfdro_ackley_test/checkpoints/MF-GP-UCB__Ackley_10D__seed42.json
mfdro_ackley_test,MF-GP-UCB,Ackley_10D,43,5.095389360866971,100,4,3,500.0,0.0,results/mfdro_ackley_test/checkpoints/MF-GP-UCB__Ackley_10D__seed43.json
mfdro_ackley_test,MF-GP-UCB,Ackley_10D,44,4.321967574844823,100,5,4,500.0,0.0,results/mfdro_ackley_test/checkpoints/MF-GP-UCB__Ackley_10D__seed44.json
mfdro_ackley_test,MF-MI-Greedy,Ackley_10D,42,5.344399183567333,50,4,3,500.0,0.8333333333333334,results/mfdro_ackley_test/checkpoints/MF-MI-Greedy__Ackley_10D__seed42.json
mfdro_ackley_test,MF-MI-Greedy,Ackley_10D,43,5.344399183567333,52,5,4,504.0,0.8243243243243243,results/mfdro_ackley_test/checkpoints/MF-MI-Greedy__Ackley_10D__seed43.json
mfdro_ackley_test,MF-MI-Greedy,Ackley_10D,44,5.962662604284908,50,3,2,500.0,0.8333333333333334,results/mfdro_ackley_test/checkpoints/MF-MI-Greedy__Ackley_10D__seed44.json
mfdro_basin_width_sweep,GreedyMES,,42,0.08448290462100072,200,5,4,256.0,0.96,results/mfdro_basin_width_sweep/checkpoints/GreedyMES__Hartmann6D_w01__seed42.json
mfdro_basin_width_sweep,GreedyMES,,43,0.1149613725706411,200,5,4,270.0,0.95,results/mfdro_basin_width_sweep/checkpoints/GreedyMES__Hartmann6D_w01__seed43.json
mfdro_basin_width_sweep,GreedyMES,,44,0.08344517383670169,200,5,4,284.0,0.94,results/mfdro_basin_width_sweep/checkpoints/GreedyMES__Hartmann6D_w01__seed44.json
mfdro_basin_width_sweep,GreedyMES,,42,0.17179450412569075,200,5,4,277.0,0.945,results/mfdro_basin_width_sweep/checkpoints/GreedyMES__Hartmann6D_w03__seed42.json
mfdro_basin_width_sweep,GreedyMES,,43,0.32155025451574737,200,7,6,298.0,0.93,results/mfdro_basin_width_sweep/checkpoints/GreedyMES__Hartmann6D_w03__seed43.json
mfdro_basin_width_sweep,GreedyMES,,44,0.12314905153477529,200,5,4,291.0,0.935,results/mfdro_basin_width_sweep/checkpoints/GreedyMES__Hartmann6D_w03__seed44.json
mfdro_basin_width_sweep,GreedyMES,,42,0.46865577640791,200,4,3,249.0,0.965,results/mfdro_basin_width_sweep/checkpoints/GreedyMES__Hartmann6D_w10__seed42.json
mfdro_basin_width_sweep,GreedyMES,,43,0.3581699979895059,200,2,1,424.0,0.84,results/mfdro_basin_width_sweep/checkpoints/GreedyMES__Hartmann6D_w10__seed43.json
mfdro_basin_width_sweep,GreedyMES,,44,0.40774849542846825,200,6,5,291.0,0.935,results/mfdro_basin_width_sweep/checkpoints/GreedyMES__Hartmann6D_w10__seed44.json
mfdro_basin_width_sweep,Hartmann6D_w01,,42,0.2932567830467958,200,2,1,562.0,0.99,results/mfdro_basin_width_sweep/checkpoints/Hartmann6D_w01__seed42.json
mfdro_basin_width_sweep,Hartmann6D_w01,,43,0.14443025287193567,200,2,1,562.0,0.99,results/mfdro_basin_width_sweep/checkpoints/Hartmann6D_w01__seed43.json
mfdro_basin_width_sweep,Hartmann6D_w01,,44,0.33387925790274675,200,2,1,562.0,0.99,results/mfdro_basin_width_sweep/checkpoints/Hartmann6D_w01__seed44.json
mfdro_basin_width_sweep,Hartmann6D_w03,,42,0.5013049290068103,200,2,1,562.0,0.99,results/mfdro_basin_width_sweep/checkpoints/Hartmann6D_w03__seed42.json
mfdro_basin_width_sweep,Hartmann6D_w03,,43,0.4567199113061893,200,2,1,569.0,0.985,results/mfdro_basin_width_sweep/checkpoints/Hartmann6D_w03__seed43.json
mfdro_basin_width_sweep,Hartmann6D_w03,,44,0.8468341377374866,200,2,1,562.0,0.99,results/mfdro_basin_width_sweep/checkpoints/Hartmann6D_w03__seed44.json
mfdro_basin_width_sweep,Hartmann6D_w10,,42,1.0559834456791584,200,2,1,569.0,0.985,results/mfdro_basin_width_sweep/checkpoints/Hartmann6D_w10__seed42.json
mfdro_basin_width_sweep,Hartmann6D_w10,,43,1.6603396752419528,200,1,0,569.0,0.985,results/mfdro_basin_width_sweep/checkpoints/Hartmann6D_w10__seed43.json
mfdro_basin_width_sweep,Hartmann6D_w10,,44,1.6928253256614205,200,1,0,562.0,0.99,results/mfdro_basin_width_sweep/checkpoints/Hartmann6D_w10__seed44.json
mfdro_btgfix_check_nofloor,Hartmann_6D,Hartmann_6D,42,3.109587614383969,5,1,,32.0,1.0,results/mfdro_btgfix_check_nofloor/checkpoints/Hartmann_6D__MF-DRO-BTGfix__seed42.mf.json
mfdro_btgfix_check_withfloor,Hartmann_6D,Hartmann_6D,42,2.9230533910942076,5,2,,53.0,0.4,results/mfdro_btgfix_check_withfloor/checkpoints/Hartmann_6D__MF-DRO-BTGfix__seed42.mf.json
mfdro_bugA_fix_v2,BASELINE,,42,2.1994017774501264,100,1,0,462.0,0.98,results/mfdro_bugA_fix_v2/checkpoints/BASELINE__seed42.json
mfdro_bugA_fix_v2,BASELINE,,43,0.895015443798775,100,2,1,462.0,0.98,results/mfdro_bugA_fix_v2/checkpoints/BASELINE__seed43.json
mfdro_bugA_fix_v2,BASELINE,,44,0.520488291088498,100,2,1,462.0,0.98,results/mfdro_bugA_fix_v2/checkpoints/BASELINE__seed44.json
mfdro_bugA_full_fix,BASELINE,,42,0.9535454424625329,100,2,1,462.0,0.98,results/mfdro_bugA_full_fix/checkpoints/BASELINE__seed42.json
mfdro_bugA_full_fix,BASELINE,,43,1.299318787115637,100,2,1,462.0,0.98,results/mfdro_bugA_full_fix/checkpoints/BASELINE__seed43.json
mfdro_bugA_full_fix,BASELINE,,44,1.3301221734227258,100,2,1,462.0,0.98,results/mfdro_bugA_full_fix/checkpoints/BASELINE__seed44.json
mfdro_candidate_scoring_test,Greedy-MES,Hartmann_6D,42,0.5892509846963474,198,3,2,240.0,0.9696969696969697,results/mfdro_candidate_scoring_test/checkpoints/Greedy-MES__Hartmann_6D__seed42.json
mfdro_candidate_scoring_test,Greedy-MES,Hartmann_6D,43,0.2963756335688963,115,2,1,241.0,0.8434782608695652,results/mfdro_candidate_scoring_test/checkpoints/Greedy-MES__Hartmann_6D__seed43.json
mfdro_candidate_scoring_test,Greedy-MES,Hartmann_6D,44,0.5804750044998577,100,3,2,240.0,0.8,results/mfdro_candidate_scoring_test/checkpoints/Greedy-MES__Hartmann_6D__seed44.json
mfdro_candidate_scoring_test,REGRESSION,Hartmann_6D,42,0.7572021917335308,31,1,0,511.0,0.03225806451612903,results/mfdro_candidate_scoring_test/checkpoints/REGRESSION__Hartmann_6D__seed42.json
mfdro_diag_xt,Hartmann_6D,Hartmann_6D,43,1.816108293647766,15,2,,88.0,0.7333333333333333,results/mfdro_diag_xt/checkpoints/Hartmann_6D__MF-DRO__seed43.mf.json
mfdro_diagnostic_v2,BASELINE,Hartmann_6D,42,,,,,,,results/mfdro_diagnostic_v2/checkpoints/BASELINE__Hartmann_6D__seed42.diag.json
mfdro_diagnostic_v2,BASELINE,Hartmann_6D,42,1.4783420121263038,386,2,,574.0,0.9948186528497409,results/mfdro_diagnostic_v2/checkpoints/BASELINE__Hartmann_6D__seed42.json
mfdro_diagnostic_v2,BASELINE,Hartmann_6D,43,,,,,,,results/mfdro_diagnostic_v2/checkpoints/BASELINE__Hartmann_6D__seed43.diag.json
mfdro_diagnostic_v2,BASELINE,Hartmann_6D,43,1.9394057004521876,386,2,,574.0,0.9948186528497409,results/mfdro_diagnostic_v2/checkpoints/BASELINE__Hartmann_6D__seed43.json
mfdro_diagnostic_v2,BASELINE,Hartmann_6D,44,,,,,,,results/mfdro_diagnostic_v2/checkpoints/BASELINE__Hartmann_6D__seed44.diag.json
mfdro_diagnostic_v2,BASELINE,Hartmann_6D,44,0.66186615350205,183,2,,574.0,0.8306010928961749,results/mfdro_diagnostic_v2/checkpoints/BASELINE__Hartmann_6D__seed44.json
mfdro_diagnostic_v2,FULL,Hartmann_6D,42,,,,,,,results/mfdro_diagnostic_v2/checkpoints/FULL__Hartmann_6D__seed42.diag.json
mfdro_diagnostic_v2,FULL,Hartmann_6D,42,1.9940188515555037,386,2,,574.0,0.9948186528497409,results/mfdro_diagnostic_v2/checkpoints/FULL__Hartmann_6D__seed42.json
mfdro_diagnostic_v2,FULL,Hartmann_6D,43,,,,,,,results/mfdro_diagnostic_v2/checkpoints/FULL__Hartmann_6D__seed43.diag.json
mfdro_diagnostic_v2,FULL,Hartmann_6D,43,2.2790555294421244,386,2,,574.0,0.9948186528497409,results/mfdro_diagnostic_v2/checkpoints/FULL__Hartmann_6D__seed43.json
mfdro_diagnostic_v2,FULL,Hartmann_6D,44,,,,,,,results/mfdro_diagnostic_v2/checkpoints/FULL__Hartmann_6D__seed44.diag.json
mfdro_diagnostic_v2,FULL,Hartmann_6D,44,0.18035325082252252,386,1,,574.0,0.9948186528497409,results/mfdro_diagnostic_v2/checkpoints/FULL__Hartmann_6D__seed44.json
mfdro_diagnostic_v2,INIT_ONLY,Hartmann_6D,42,,,,,,,results/mfdro_diagnostic_v2/checkpoints/INIT_ONLY__Hartmann_6D__seed42.diag.json
mfdro_diagnostic_v2,INIT_ONLY,Hartmann_6D,42,1.657548472975477,386,2,,574.0,0.9948186528497409,results/mfdro_diagnostic_v2/checkpoints/INIT_ONLY__Hartmann_6D__seed42.json
mfdro_diagnostic_v2,INIT_ONLY,Hartmann_6D,43,,,,,,,results/mfdro_diagnostic_v2/checkpoints/INIT_ONLY__Hartmann_6D__seed43.diag.json
mfdro_diagnostic_v2,INIT_ONLY,Hartmann_6D,43,1.223985372266334,386,1,,574.0,0.9948186528497409,results/mfdro_diagnostic_v2/checkpoints/INIT_ONLY__Hartmann_6D__seed43.json
mfdro_diagnostic_v2,INIT_ONLY,Hartmann_6D,44,,,,,,,results/mfdro_diagnostic_v2/checkpoints/INIT_ONLY__Hartmann_6D__seed44.diag.json
mfdro_diagnostic_v2,INIT_ONLY,Hartmann_6D,44,0.9643404104694455,386,1,,574.0,0.9948186528497409,results/mfdro_diagnostic_v2/checkpoints/INIT_ONLY__Hartmann_6D__seed44.json
mfdro_diagnostic_v2,INIT_RTG,Hartmann_6D,42,,,,,,,results/mfdro_diagnostic_v2/checkpoints/INIT_RTG__Hartmann_6D__seed42.diag.json
mfdro_diagnostic_v2,INIT_RTG,Hartmann_6D,42,1.9940188515555037,386,2,,574.0,0.9948186528497409,results/mfdro_diagnostic_v2/checkpoints/INIT_RTG__Hartmann_6D__seed42.json
mfdro_diagnostic_v2,INIT_RTG,Hartmann_6D,43,,,,,,,results/mfdro_diagnostic_v2/checkpoints/INIT_RTG__Hartmann_6D__seed43.diag.json
mfdro_diagnostic_v2,INIT_RTG,Hartmann_6D,43,2.2790555294421244,386,2,,574.0,0.9948186528497409,results/mfdro_diagnostic_v2/checkpoints/INIT_RTG__Hartmann_6D__seed43.json
mfdro_diagnostic_v2,INIT_RTG,Hartmann_6D,44,,,,,,,results/mfdro_diagnostic_v2/checkpoints/INIT_RTG__Hartmann_6D__seed44.diag.json
mfdro_diagnostic_v2,INIT_RTG,Hartmann_6D,44,0.5701258443741546,379,1,,574.0,0.9920844327176781,results/mfdro_diagnostic_v2/checkpoints/INIT_RTG__Hartmann_6D__seed44.json
mfdro_dt_init_seed_sweep,seed44,,44,1.692827316081043,100,1,0,1148.0,0.0,results/mfdro_dt_init_seed_sweep/checkpoints/seed44__dtinit0.json
mfdro_dt_init_seed_sweep,seed44,,44,1.692827316081043,100,1,0,1148.0,0.0,results/mfdro_dt_init_seed_sweep/checkpoints/seed44__dtinit1.json
mfdro_dt_init_seed_sweep,seed44,,44,1.692827316081043,100,1,0,1148.0,0.0,results/mfdro_dt_init_seed_sweep/checkpoints/seed44__dtinit2.json
mfdro_dt_init_seed_sweep,seed44,,44,1.692827316081043,100,1,0,1148.0,0.0,results/mfdro_dt_init_seed_sweep/checkpoints/seed44__dtinit3.json
mfdro_dt_init_seed_sweep,seed44,,44,1.692827316081043,100,1,0,1148.0,0.0,results/mfdro_dt_init_seed_sweep/checkpoints/seed44__dtinit4.json
mfdro_dt_init_seed_sweep,seed44,,44,1.692827316081043,100,1,0,1148.0,0.0,results/mfdro_dt_init_seed_sweep/checkpoints/seed44__dtinit5.json
mfdro_dt_init_seed_sweep,seed44,,44,1.692827316081043,100,1,0,1148.0,0.0,results/mfdro_dt_init_seed_sweep/checkpoints/seed44__dtinit6.json
mfdro_dt_init_seed_sweep,seed44,,44,1.692827316081043,100,1,0,1148.0,0.0,results/mfdro_dt_init_seed_sweep/checkpoints/seed44__dtinit7.json
mfdro_dt_init_seed_sweep,seed44,,44,1.692827316081043,100,1,0,1148.0,0.0,results/mfdro_dt_init_seed_sweep/checkpoints/seed44__dtinit8.json
mfdro_dt_init_seed_sweep,seed44,,44,1.692827316081043,100,1,0,1148.0,0.0,results/mfdro_dt_init_seed_sweep/checkpoints/seed44__dtinit9.json
mfdro_exp3,greedy_18init_Hartmann_6D_seed42,greedy_18init_Hartmann_6D_seed42,42,2.3591936681725176,30,1,,204.0,1.0,results/mfdro_exp3/checkpoints/greedy_18init_Hartmann_6D_seed42.json
mfdro_exp3,greedy_18init_Hartmann_6D_seed43,greedy_18init_Hartmann_6D_seed43,43,2.0768437117583103,30,1,,204.0,1.0,results/mfdro_exp3/checkpoints/greedy_18init_Hartmann_6D_seed43.json
mfdro_exp3,greedy_18init_Hartmann_6D_seed44,greedy_18init_Hartmann_6D_seed44,44,0.3661891388559222,30,3,,372.0,0.2,results/mfdro_exp3/checkpoints/greedy_18init_Hartmann_6D_seed44.json
mfdro_exp3,greedy_5init_Hartmann_6D_seed42,greedy_5init_Hartmann_6D_seed42,42,0.4448622340032822,30,4,,187.0,0.4666666666666667,results/mfdro_exp3/checkpoints/greedy_5init_Hartmann_6D_seed42.json
mfdro_exp3,greedy_5init_Hartmann_6D_seed43,greedy_5init_Hartmann_6D_seed43,43,0.38185803300970633,30,8,,271.0,0.06666666666666667,results/mfdro_exp3/checkpoints/greedy_5init_Hartmann_6D_seed43.json
mfdro_exp3,greedy_5init_Hartmann_6D_seed44,greedy_5init_Hartmann_6D_seed44,44,2.9341931692156944,30,3,,138.0,0.7,results/mfdro_exp3/checkpoints/greedy_5init_Hartmann_6D_seed44.json
mfdro_exp3c,Hartmann_6D,Hartmann_6D,42,1.8661948345342743,30,1,,257.0,0.13333333333333333,results/mfdro_exp3c/checkpoints/Hartmann_6D__MF-DRO__seed42.mf.json
mfdro_exp3c,Hartmann_6D,Hartmann_6D,43,2.2809948397827147,30,2,,96.0,0.9,results/mfdro_exp3c/checkpoints/Hartmann_6D__MF-DRO__seed43.mf.json
mfdro_exp3c,Hartmann_6D,Hartmann_6D,44,2.818772084827423,30,1,,89.0,0.9333333333333333,results/mfdro_exp3c/checkpoints/Hartmann_6D__MF-DRO__seed44.mf.json
mfdro_gp_refinement_test,BASELINE,,42,1.046099066010619,379,2,1,748.0,0.9920844327176781,results/mfdro_gp_refinement_test/checkpoints/BASELINE__seed42.json
mfdro_gp_refinement_test,BASELINE,,43,1.6603416649119878,379,1,0,748.0,0.9920844327176781,results/mfdro_gp_refinement_test/checkpoints/BASELINE__seed43.json
mfdro_gp_refinement_test,BASELINE,,44,1.692827316081043,386,1,0,748.0,0.9948186528497409,results/mfdro_gp_refinement_test/checkpoints/BASELINE__seed44.json
mfdro_gp_refinement_test,REFINED,,42,0.43094554449523637,386,2,1,748.0,0.9948186528497409,results/mfdro_gp_refinement_test/checkpoints/REFINED__seed42.json
mfdro_gp_refinement_test,REFINED,,43,0.8803098146836037,372,1,0,748.0,0.989247311827957,results/mfdro_gp_refinement_test/checkpoints/REFINED__seed43.json
mfdro_gp_refinement_test,REFINED,,44,1.1015228884873118,386,1,0,748.0,0.9948186528497409,results/mfdro_gp_refinement_test/checkpoints/REFINED__seed44.json
mfdro_greedy_mes_5seed,Greedy-MES,Hartmann_6D,42,0.28703510437604596,625,5,4,800.0,0.96,results/mfdro_greedy_mes_5seed/checkpoints/Greedy-MES__Hartmann_6D__seed42.json
mfdro_greedy_mes_5seed,Greedy-MES,Hartmann_6D,43,0.24575054682419673,653,4,3,800.0,0.9678407350689127,results/mfdro_greedy_mes_5seed/checkpoints/Greedy-MES__Hartmann_6D__seed43.json
mfdro_greedy_mes_5seed,Greedy-MES,Hartmann_6D,44,0.48592982899115444,583,4,3,800.0,0.9468267581475128,results/mfdro_greedy_mes_5seed/checkpoints/Greedy-MES__Hartmann_6D__seed44.json
mfdro_greedy_mes_5seed,Greedy-MES,Hartmann_6D,45,0.29154824368360854,310,5,4,800.0,0.7741935483870968,results/mfdro_greedy_mes_5seed/checkpoints/Greedy-MES__Hartmann_6D__seed45.json
mfdro_greedy_mes_5seed,Greedy-MES,Hartmann_6D,46,0.27022759446064626,592,2,1,802.0,0.9493243243243243,results/mfdro_greedy_mes_5seed/checkpoints/Greedy-MES__Hartmann_6D__seed46.json
mfdro_hartmann_cost_ratio,cH2.0,,42,1.8932707198113516,100,3,2,239.0,0.93,results/mfdro_hartmann_cost_ratio/checkpoints/cH2.0__seed42.json
mfdro_hartmann_cost_ratio,cH2.0,,43,0.8756730285767116,100,3,2,247.0,0.85,results/mfdro_hartmann_cost_ratio/checkpoints/cH2.0__seed43.json
mfdro_hartmann_cost_ratio,cH2.0,,44,1.692827316081043,100,1,0,244.0,0.88,results/mfdro_hartmann_cost_ratio/checkpoints/cH2.0__seed44.json
mfdro_hartmann_cost_ratio,cH2.0,,45,0.9854722127323554,100,4,3,279.0,0.53,results/mfdro_hartmann_cost_ratio/checkpoints/cH2.0__seed45.json
mfdro_hartmann_cost_ratio,cH2.0,,46,0.23625727688974818,100,3,2,241.0,0.91,results/mfdro_hartmann_cost_ratio/checkpoints/cH2.0__seed46.json
mfdro_hartmann_cost_ratio,cH4.0,,42,2.1994017774501264,100,1,0,310.0,0.98,results/mfdro_hartmann_cost_ratio/checkpoints/cH4.0__seed42.json
mfdro_hartmann_cost_ratio,cH4.0,,43,1.6603416649119878,100,1,0,319.0,0.95,results/mfdro_hartmann_cost_ratio/checkpoints/cH4.0__seed43.json
mfdro_hartmann_cost_ratio,cH4.0,,44,1.692827316081043,100,1,0,316.0,0.96,results/mfdro_hartmann_cost_ratio/checkpoints/cH4.0__seed44.json
mfdro_hartmann_cost_ratio,cH4.0,,45,1.4035230325285812,100,1,0,310.0,0.98,results/mfdro_hartmann_cost_ratio/checkpoints/cH4.0__seed45.json
mfdro_hartmann_cost_ratio,cH4.0,,46,0.8915721648257624,100,1,0,319.0,0.95,results/mfdro_hartmann_cost_ratio/checkpoints/cH4.0__seed46.json
mfdro_init_hf_test,variantA,Hartmann_6D,42,0.41304924003228916,37,3,2,517.0,0.1891891891891892,results/mfdro_init_hf_test/checkpoints/variantA__Hartmann_6D__seed42.json
mfdro_init_hf_test,variantB,Hartmann_6D,42,1.1757046781630072,66,2,1,751.0,0.6212121212121212,results/mfdro_init_hf_test/checkpoints/variantB__Hartmann_6D__seed42.json
mfdro_init_size_tuning,Borehole_8D,Borehole_8D,42,57.56235832748831,30,5,4,102.0,0.06666666666666667,results/mfdro_init_size_tuning/checkpoints/Borehole_8D__mult0.5__seed42.json
mfdro_init_size_tuning,Borehole_8D,Borehole_8D,43,83.41529200817439,30,6,5,104.0,0.0,results/mfdro_init_size_tuning/checkpoints/Borehole_8D__mult0.5__seed43.json
mfdro_init_size_tuning,Borehole_8D,Borehole_8D,44,91.66524453056138,30,3,2,104.0,0.0,results/mfdro_init_size_tuning/checkpoints/Borehole_8D__mult0.5__seed44.json
mfdro_init_size_tuning,Borehole_8D,Borehole_8D,42,58.28197376400479,30,5,4,148.0,0.0,results/mfdro_init_size_tuning/checkpoints/Borehole_8D__mult1.0__seed42.json
mfdro_init_size_tuning,Borehole_8D,Borehole_8D,43,59.01940034929919,30,4,3,148.0,0.0,results/mfdro_init_size_tuning/checkpoints/Borehole_8D__mult1.0__seed43.json
mfdro_init_size_tuning,Borehole_8D,Borehole_8D,44,73.55555982117761,30,6,5,148.0,0.0,results/mfdro_init_size_tuning/checkpoints/Borehole_8D__mult1.0__seed44.json
mfdro_init_size_tuning,Borehole_8D,Borehole_8D,42,46.37085103564749,30,7,6,236.0,0.0,results/mfdro_init_size_tuning/checkpoints/Borehole_8D__mult2.0__seed42.json
mfdro_init_size_tuning,Borehole_8D,Borehole_8D,43,67.21394974122651,30,5,4,236.0,0.0,results/mfdro_init_size_tuning/checkpoints/Borehole_8D__mult2.0__seed43.json
mfdro_init_size_tuning,Borehole_8D,Borehole_8D,44,56.681224573877444,30,5,4,236.0,0.0,results/mfdro_init_size_tuning/checkpoints/Borehole_8D__mult2.0__seed44.json
mfdro_init_size_tuning,Currin_2D,Currin_2D,42,0.0038975405696373144,30,3,2,56.0,0.8,results/mfdro_init_size_tuning/checkpoints/Currin_2D__mult0.5__seed42.json
mfdro_init_size_tuning,Currin_2D,Currin_2D,43,0.4048161123783345,30,2,1,48.0,0.9333333333333333,results/mfdro_init_size_tuning/checkpoints/Currin_2D__mult0.5__seed43.json
mfdro_init_size_tuning,Currin_2D,Currin_2D,44,0.024887893998126742,30,1,0,48.0,0.9333333333333333,results/mfdro_init_size_tuning/checkpoints/Currin_2D__mult0.5__seed44.json
mfdro_init_size_tuning,Currin_2D,Currin_2D,42,3.413514171475617,30,1,0,62.0,0.9333333333333333,results/mfdro_init_size_tuning/checkpoints/Currin_2D__mult1.0__seed42.json
mfdro_init_size_tuning,Currin_2D,Currin_2D,43,0.480486876642507,30,2,1,62.0,0.9333333333333333,results/mfdro_init_size_tuning/checkpoints/Currin_2D__mult1.0__seed43.json
mfdro_init_size_tuning,Currin_2D,Currin_2D,44,0.36922480396000523,30,2,1,62.0,0.9333333333333333,results/mfdro_init_size_tuning/checkpoints/Currin_2D__mult1.0__seed44.json
mfdro_init_size_tuning,Currin_2D,Currin_2D,42,0.2831568974490182,30,2,1,90.0,0.9333333333333333,results/mfdro_init_size_tuning/checkpoints/Currin_2D__mult2.0__seed42.json
mfdro_init_size_tuning,Currin_2D,Currin_2D,43,0.8175021039643067,30,2,1,90.0,0.9333333333333333,results/mfdro_init_size_tuning/checkpoints/Currin_2D__mult2.0__seed43.json
mfdro_init_size_tuning,Currin_2D,Currin_2D,44,0.019708919250714274,30,2,1,90.0,0.9333333333333333,results/mfdro_init_size_tuning/checkpoints/Currin_2D__mult2.0__seed44.json
mfdro_init_size_tuning,Hartmann_6D,Hartmann_6D,42,2.315256617700758,30,1,0,131.0,0.9333333333333333,results/mfdro_init_size_tuning/checkpoints/Hartmann_6D__mult0.5__seed42.json
mfdro_init_size_tuning,Hartmann_6D,Hartmann_6D,43,2.4739769942095977,30,3,2,166.0,0.7666666666666667,results/mfdro_init_size_tuning/checkpoints/Hartmann_6D__mult0.5__seed43.json
mfdro_init_size_tuning,Hartmann_6D,Hartmann_6D,44,0.22339010329391895,30,5,4,292.0,0.16666666666666666,results/mfdro_init_size_tuning/checkpoints/Hartmann_6D__mult0.5__seed44.json
mfdro_init_size_tuning,Hartmann_6D,Hartmann_6D,42,2.3591936681725176,30,1,0,218.0,0.9333333333333333,results/mfdro_init_size_tuning/checkpoints/Hartmann_6D__mult1.0__seed42.json
mfdro_init_size_tuning,Hartmann_6D,Hartmann_6D,43,2.0768437117583103,30,1,0,218.0,0.9333333333333333,results/mfdro_init_size_tuning/checkpoints/Hartmann_6D__mult1.0__seed43.json
mfdro_init_size_tuning,Hartmann_6D,Hartmann_6D,44,0.693725199399903,30,1,0,239.0,0.8333333333333334,results/mfdro_init_size_tuning/checkpoints/Hartmann_6D__mult1.0__seed44.json
mfdro_init_size_tuning,Hartmann_6D,Hartmann_6D,42,1.2435441312498767,30,2,1,399.0,0.9,results/mfdro_init_size_tuning/checkpoints/Hartmann_6D__mult2.0__seed42.json
mfdro_init_size_tuning,Hartmann_6D,Hartmann_6D,43,1.6603416649119878,30,1,0,399.0,0.9,results/mfdro_init_size_tuning/checkpoints/Hartmann_6D__mult2.0__seed43.json
mfdro_init_size_tuning,Hartmann_6D,Hartmann_6D,44,1.692827316081043,30,1,0,392.0,0.9333333333333333,results/mfdro_init_size_tuning/checkpoints/Hartmann_6D__mult2.0__seed44.json
mfdro_lf_screened_pilot,Borehole_8D,Borehole_8D,42,87.1989434831707,129,1,,288.0,0.4496124031007752,results/mfdro_lf_screened_pilot/checkpoints/Borehole_8D__off__seed42.mf.json
mfdro_lf_screened_pilot,Borehole_8D,Borehole_8D,42,54.55751005225298,156,1,,288.0,0.717948717948718,results/mfdro_lf_screened_pilot/checkpoints/Borehole_8D__on__seed42.mf.json
mfdro_lf_screened_pilot,Hartmann_6D,Hartmann_6D,42,0.6749990405448356,345,12,,974.0,0.8115942028985508,results/mfdro_lf_screened_pilot/checkpoints/Hartmann_6D__off__seed42.mf.json
mfdro_lf_screened_pilot,Hartmann_6D,Hartmann_6D,42,0.5757513770375162,102,3,,976.0,0.0196078431372549,results/mfdro_lf_screened_pilot/checkpoints/Hartmann_6D__on__seed42.mf.json
mfdro_lf_screened_pilot,off,Borehole_8D,42,87.1989434831707,129,1,,288.0,0.4496124031007752,results/mfdro_lf_screened_pilot/checkpoints/off__Borehole_8D__seed42.json
mfdro_lf_screened_pilot,off,Hartmann_6D,42,0.6749990405448356,345,12,,974.0,0.8115942028985508,results/mfdro_lf_screened_pilot/checkpoints/off__Hartmann_6D__seed42.json
mfdro_lf_screened_pilot,on,Borehole_8D,42,54.55751005225298,156,1,,288.0,0.717948717948718,results/mfdro_lf_screened_pilot/checkpoints/on__Borehole_8D__seed42.json
mfdro_lf_screened_pilot,on,Hartmann_6D,42,0.5757513770375162,102,3,,976.0,0.0196078431372549,results/mfdro_lf_screened_pilot/checkpoints/on__Hartmann_6D__seed42.json
mfdro_num_epochs_ablation,epochs100,Hartmann_6D,42,0.7572021917335308,50,1,0,432.0,0.68,results/mfdro_num_epochs_ablation/checkpoints/epochs100__Hartmann_6D__seed42.json
mfdro_num_epochs_ablation,epochs10,Hartmann_6D,42,0.2435690574004683,50,4,3,425.0,0.7,results/mfdro_num_epochs_ablation/checkpoints/epochs10__Hartmann_6D__seed42.json
mfdro_num_epochs_ablation_v2,Borehole_8D,Borehole_8D,42,100.81770356436229,50,1,0,149.0,0.82,results/mfdro_num_epochs_ablation_v2/checkpoints/Borehole_8D__epochs100__seed42.json
mfdro_num_epochs_ablation_v2,Borehole_8D,Borehole_8D,43,70.67024465925698,50,1,0,143.0,0.94,results/mfdro_num_epochs_ablation_v2/checkpoints/Borehole_8D__epochs100__seed43.json
mfdro_num_epochs_ablation_v2,Borehole_8D,Borehole_8D,44,94.66847309407396,50,2,1,165.0,0.5,results/mfdro_num_epochs_ablation_v2/checkpoints/Borehole_8D__epochs100__seed44.json
mfdro_num_epochs_ablation_v2,Borehole_8D,Borehole_8D,42,75.78740224915433,50,13,12,187.0,0.06,results/mfdro_num_epochs_ablation_v2/checkpoints/Borehole_8D__epochs10__seed42.json
mfdro_num_epochs_ablation_v2,Borehole_8D,Borehole_8D,43,101.49889625722395,50,3,2,169.0,0.42,results/mfdro_num_epochs_ablation_v2/checkpoints/Borehole_8D__epochs10__seed43.json
mfdro_num_epochs_ablation_v2,Borehole_8D,Borehole_8D,44,109.18894207893564,50,3,2,145.0,0.9,results/mfdro_num_epochs_ablation_v2/checkpoints/Borehole_8D__epochs10__seed44.json
mfdro_num_epochs_ablation_v2,Borehole_8D,Borehole_8D,42,72.8281099653534,50,9,8,181.0,0.18,results/mfdro_num_epochs_ablation_v2/checkpoints/Borehole_8D__epochs20__seed42.json
mfdro_num_epochs_ablation_v2,Borehole_8D,Borehole_8D,43,99.35333040500805,50,2,1,143.0,0.94,results/mfdro_num_epochs_ablation_v2/checkpoints/Borehole_8D__epochs20__seed43.json
mfdro_num_epochs_ablation_v2,Borehole_8D,Borehole_8D,44,120.94630237696964,50,1,0,142.0,0.96,results/mfdro_num_epochs_ablation_v2/checkpoints/Borehole_8D__epochs20__seed44.json
mfdro_num_epochs_ablation_v2,Borehole_8D,Borehole_8D,42,79.55386398742951,50,6,5,170.0,0.4,results/mfdro_num_epochs_ablation_v2/checkpoints/Borehole_8D__epochs30__seed42.json
mfdro_num_epochs_ablation_v2,Borehole_8D,Borehole_8D,43,95.92858231857446,50,2,1,142.0,0.96,results/mfdro_num_epochs_ablation_v2/checkpoints/Borehole_8D__epochs30__seed43.json
mfdro_num_epochs_ablation_v2,Borehole_8D,Borehole_8D,44,107.72342717158381,50,2,1,143.0,0.94,results/mfdro_num_epochs_ablation_v2/checkpoints/Borehole_8D__epochs30__seed44.json
mfdro_num_epochs_ablation_v2,Currin_2D,Currin_2D,42,0.2214595691708574,50,2,1,176.0,0.94,results/mfdro_num_epochs_ablation_v2/checkpoints/Currin_2D__epochs100__seed42.json
mfdro_num_epochs_ablation_v2,Currin_2D,Currin_2D,43,0.10344651695438145,50,1,0,174.0,0.96,results/mfdro_num_epochs_ablation_v2/checkpoints/Currin_2D__epochs100__seed43.json
mfdro_num_epochs_ablation_v2,Currin_2D,Currin_2D,44,0.6238100317607067,50,2,1,174.0,0.96,results/mfdro_num_epochs_ablation_v2/checkpoints/Currin_2D__epochs100__seed44.json
mfdro_num_epochs_ablation_v2,Currin_2D,Currin_2D,42,0.13371769152301027,50,1,0,174.0,0.96,results/mfdro_num_epochs_ablation_v2/checkpoints/Currin_2D__epochs10__seed42.json
mfdro_num_epochs_ablation_v2,Currin_2D,Currin_2D,43,0.04047455576669101,50,1,0,174.0,0.96,results/mfdro_num_epochs_ablation_v2/checkpoints/Currin_2D__epochs10__seed43.json
mfdro_num_epochs_ablation_v2,Currin_2D,Currin_2D,44,0.7959929175395839,50,1,0,174.0,0.96,results/mfdro_num_epochs_ablation_v2/checkpoints/Currin_2D__epochs10__seed44.json
mfdro_num_epochs_ablation_v2,Currin_2D,Currin_2D,42,0.267203577463091,50,2,1,174.0,0.96,results/mfdro_num_epochs_ablation_v2/checkpoints/Currin_2D__epochs20__seed42.json
mfdro_num_epochs_ablation_v2,Currin_2D,Currin_2D,43,0.10344651695438145,50,1,0,174.0,0.96,results/mfdro_num_epochs_ablation_v2/checkpoints/Currin_2D__epochs20__seed43.json
mfdro_num_epochs_ablation_v2,Currin_2D,Currin_2D,44,0.05343873199233151,50,2,1,174.0,0.96,results/mfdro_num_epochs_ablation_v2/checkpoints/Currin_2D__epochs20__seed44.json
mfdro_num_epochs_ablation_v2,Currin_2D,Currin_2D,42,0.0023367320857179408,50,2,1,174.0,0.96,results/mfdro_num_epochs_ablation_v2/checkpoints/Currin_2D__epochs30__seed42.json
mfdro_num_epochs_ablation_v2,Currin_2D,Currin_2D,43,0.10344651695438145,50,1,0,174.0,0.96,results/mfdro_num_epochs_ablation_v2/checkpoints/Currin_2D__epochs30__seed43.json
mfdro_num_epochs_ablation_v2,Currin_2D,Currin_2D,44,0.3142163058803682,50,1,0,174.0,0.96,results/mfdro_num_epochs_ablation_v2/checkpoints/Currin_2D__epochs30__seed44.json
mfdro_num_epochs_ablation_v2,Hartmann_6D,Hartmann_6D,42,0.7572021917335308,50,1,0,425.0,0.7,results/mfdro_num_epochs_ablation_v2/checkpoints/Hartmann_6D__epochs100__seed42.json
mfdro_num_epochs_ablation_v2,Hartmann_6D,Hartmann_6D,43,1.566702085350757,50,2,1,334.0,0.96,results/mfdro_num_epochs_ablation_v2/checkpoints/Hartmann_6D__epochs100__seed43.json
mfdro_num_epochs_ablation_v2,Hartmann_6D,Hartmann_6D,44,0.8843041210248033,50,1,0,334.0,0.96,results/mfdro_num_epochs_ablation_v2/checkpoints/Hartmann_6D__epochs100__seed44.json
mfdro_num_epochs_ablation_v2,Hartmann_6D,Hartmann_6D,42,0.2435690574004683,50,4,3,425.0,0.7,results/mfdro_num_epochs_ablation_v2/checkpoints/Hartmann_6D__epochs10__seed42.json
mfdro_num_epochs_ablation_v2,Hartmann_6D,Hartmann_6D,43,1.8459601708723894,50,2,1,334.0,0.96,results/mfdro_num_epochs_ablation_v2/checkpoints/Hartmann_6D__epochs10__seed43.json
mfdro_num_epochs_ablation_v2,Hartmann_6D,Hartmann_6D,44,1.0679911815206902,50,1,0,341.0,0.94,results/mfdro_num_epochs_ablation_v2/checkpoints/Hartmann_6D__epochs10__seed44.json
mfdro_num_epochs_ablation_v2,Hartmann_6D,Hartmann_6D,42,0.7572021917335308,50,1,0,530.0,0.4,results/mfdro_num_epochs_ablation_v2/checkpoints/Hartmann_6D__epochs20__seed42.json
mfdro_num_epochs_ablation_v2,Hartmann_6D,Hartmann_6D,43,1.8625717624163232,50,1,0,334.0,0.96,results/mfdro_num_epochs_ablation_v2/checkpoints/Hartmann_6D__epochs20__seed43.json
mfdro_num_epochs_ablation_v2,Hartmann_6D,Hartmann_6D,44,1.5808020898190513,50,1,0,334.0,0.96,results/mfdro_num_epochs_ablation_v2/checkpoints/Hartmann_6D__epochs20__seed44.json
mfdro_num_epochs_ablation_v2,Hartmann_6D,Hartmann_6D,42,0.7572021917335308,50,1,0,586.0,0.24,results/mfdro_num_epochs_ablation_v2/checkpoints/Hartmann_6D__epochs30__seed42.json
mfdro_num_epochs_ablation_v2,Hartmann_6D,Hartmann_6D,43,1.8625717624163232,50,1,0,334.0,0.96,results/mfdro_num_epochs_ablation_v2/checkpoints/Hartmann_6D__epochs30__seed43.json
mfdro_num_epochs_ablation_v2,Hartmann_6D,Hartmann_6D,44,0.8568100942681482,50,2,1,334.0,0.96,results/mfdro_num_epochs_ablation_v2/checkpoints/Hartmann_6D__epochs30__seed44.json
mfdro_oracle_init_test,ORACLE,Hartmann_6D,42,0.2667994194552237,142,1,0,510.0,0.9014084507042254,results/mfdro_oracle_init_test/checkpoints/ORACLE__Hartmann_6D__seed42.json
mfdro_oracle_init_test,ORACLE,Hartmann_6D,43,0.21871489110929687,169,1,0,516.0,0.9349112426035503,results/mfdro_oracle_init_test/checkpoints/ORACLE__Hartmann_6D__seed43.json
mfdro_oracle_init_test,ORACLE,Hartmann_6D,44,0.2342015073986059,226,1,0,510.0,0.9911504424778761,results/mfdro_oracle_init_test/checkpoints/ORACLE__Hartmann_6D__seed44.json
mfdro_oracle_init_test,RANDOM,Hartmann_6D,42,0.41304924003228916,37,3,2,517.0,0.1891891891891892,results/mfdro_oracle_init_test/checkpoints/RANDOM__Hartmann_6D__seed42.json
mfdro_oracle_init_test,RANDOM,Hartmann_6D,43,1.8625717624163232,226,1,0,510.0,0.9911504424778761,results/mfdro_oracle_init_test/checkpoints/RANDOM__Hartmann_6D__seed43.json
mfdro_oracle_init_test,RANDOM,Hartmann_6D,44,1.0687116797539753,219,1,0,510.0,0.9863013698630136,results/mfdro_oracle_init_test/checkpoints/RANDOM__Hartmann_6D__seed44.json
mfdro_random_teacher_test,Hartmann_6D,Hartmann_6D,42,0.1123489991524127,386,1,0,670.0,0.9948186528497409,results/mfdro_random_teacher_test/checkpoints/Hartmann_6D__seed42.json
mfdro_random_teacher_test,Hartmann_6D,Hartmann_6D,43,0.12820858742494678,386,1,0,670.0,0.9948186528497409,results/mfdro_random_teacher_test/checkpoints/Hartmann_6D__seed43.json
mfdro_random_teacher_test,Hartmann_6D,Hartmann_6D,44,0.23445660327060658,386,1,0,670.0,0.9948186528497409,results/mfdro_random_teacher_test/checkpoints/Hartmann_6D__seed44.json
mfdro_real_refit_comparison,Greedy-MES,Hartmann_6D,42,0.7985487833214475,66,2,1,80.0,0.9696969696969697,results/mfdro_real_refit_comparison/checkpoints/Greedy-MES__Hartmann_6D__seed42.json
mfdro_real_refit_comparison,Greedy-MES,Hartmann_6D,43,0.38185803300970633,66,3,2,80.0,0.9696969696969697,results/mfdro_real_refit_comparison/checkpoints/Greedy-MES__Hartmann_6D__seed43.json
mfdro_real_refit_comparison,Greedy-MES,Hartmann_6D,44,0.693725199399903,38,1,0,80.0,0.8421052631578947,results/mfdro_real_refit_comparison/checkpoints/Greedy-MES__Hartmann_6D__seed44.json
mfdro_real_refit_comparison,Hartmann_6D,Hartmann_6D,42,1.0015788842604065,31,1,,254.0,0.7741935483870968,results/mfdro_real_refit_comparison/checkpoints/Hartmann_6D__Real-Refit__seed42.mf.json
mfdro_real_refit_comparison,Hartmann_6D,Hartmann_6D,43,1.9588714226893762,66,2,,254.0,0.9696969696969697,results/mfdro_real_refit_comparison/checkpoints/Hartmann_6D__Real-Refit__seed43.mf.json
mfdro_real_refit_comparison,Hartmann_6D,Hartmann_6D,44,0.693725199399903,52,1,,254.0,0.9230769230769231,results/mfdro_real_refit_comparison/checkpoints/Hartmann_6D__Real-Refit__seed44.mf.json
mfdro_real_refit_comparison,Hartmann_6D,Hartmann_6D,42,0.7244215658058026,52,1,,254.0,0.9230769230769231,results/mfdro_real_refit_comparison/checkpoints/Hartmann_6D__Real__seed42.mf.json
mfdro_real_refit_comparison,Hartmann_6D,Hartmann_6D,43,2.0768437117583103,66,1,,254.0,0.9696969696969697,results/mfdro_real_refit_comparison/checkpoints/Hartmann_6D__Real__seed43.mf.json
mfdro_real_refit_comparison,Hartmann_6D,Hartmann_6D,44,0.693725199399903,38,1,,254.0,0.8421052631578947,results/mfdro_real_refit_comparison/checkpoints/Hartmann_6D__Real__seed44.mf.json
mfdro_real_refit_comparison,Hartmann_6D,Hartmann_6D,42,1.4305695633902509,52,2,,254.0,0.9230769230769231,results/mfdro_real_refit_comparison/checkpoints/Hartmann_6D__Simulated__seed42.mf.json
mfdro_real_refit_comparison,Hartmann_6D,Hartmann_6D,43,2.0768437117583103,66,1,,254.0,0.9696969696969697,results/mfdro_real_refit_comparison/checkpoints/Hartmann_6D__Simulated__seed43.mf.json
mfdro_real_refit_comparison,Hartmann_6D,Hartmann_6D,44,0.693725199399903,52,1,,254.0,0.9230769230769231,results/mfdro_real_refit_comparison/checkpoints/Hartmann_6D__Simulated__seed44.mf.json
mfdro_real_refit_comparison,Real-Refit,Hartmann_6D,42,1.0015788842604065,31,1,0,254.0,0.7741935483870968,results/mfdro_real_refit_comparison/checkpoints/Real-Refit__Hartmann_6D__seed42.json
mfdro_real_refit_comparison,Real-Refit,Hartmann_6D,43,1.9588714226893762,66,2,1,254.0,0.9696969696969697,results/mfdro_real_refit_comparison/checkpoints/Real-Refit__Hartmann_6D__seed43.json
mfdro_real_refit_comparison,Real-Refit,Hartmann_6D,44,0.693725199399903,52,1,0,254.0,0.9230769230769231,results/mfdro_real_refit_comparison/checkpoints/Real-Refit__Hartmann_6D__seed44.json
mfdro_real_refit_comparison,Real,Hartmann_6D,42,0.7244215658058026,52,1,0,254.0,0.9230769230769231,results/mfdro_real_refit_comparison/checkpoints/Real__Hartmann_6D__seed42.json
mfdro_real_refit_comparison,Real,Hartmann_6D,43,2.0768437117583103,66,1,0,254.0,0.9696969696969697,results/mfdro_real_refit_comparison/checkpoints/Real__Hartmann_6D__seed43.json
mfdro_real_refit_comparison,Real,Hartmann_6D,44,0.693725199399903,38,1,0,254.0,0.8421052631578947,results/mfdro_real_refit_comparison/checkpoints/Real__Hartmann_6D__seed44.json
mfdro_real_refit_comparison,Simulated,Hartmann_6D,42,1.4305695633902509,52,2,1,254.0,0.9230769230769231,results/mfdro_real_refit_comparison/checkpoints/Simulated__Hartmann_6D__seed42.json
mfdro_real_refit_comparison,Simulated,Hartmann_6D,43,2.0768437117583103,66,1,0,254.0,0.9696969696969697,results/mfdro_real_refit_comparison/checkpoints/Simulated__Hartmann_6D__seed43.json
mfdro_real_refit_comparison,Simulated,Hartmann_6D,44,0.693725199399903,52,1,0,254.0,0.9230769230769231,results/mfdro_real_refit_comparison/checkpoints/Simulated__Hartmann_6D__seed44.json
mfdro_real_vs_simulated,Hartmann_6D,Hartmann_6D,42,0.49282141443239835,100,4,,974.0,0.0,results/mfdro_real_vs_simulated/checkpoints/Hartmann_6D__Real__seed42.mf.json
mfdro_real_vs_simulated,Hartmann_6D,Hartmann_6D,43,2.0768437117583103,500,1,,688.0,0.996,results/mfdro_real_vs_simulated/checkpoints/Hartmann_6D__Real__seed43.mf.json
mfdro_real_vs_simulated,Hartmann_6D,Hartmann_6D,44,0.5162580132873789,500,3,,772.0,0.972,results/mfdro_real_vs_simulated/checkpoints/Hartmann_6D__Real__seed44.mf.json
mfdro_real_vs_simulated,Hartmann_6D,Hartmann_6D,42,1.6632602371761291,500,7,,891.0,0.938,results/mfdro_real_vs_simulated/checkpoints/Hartmann_6D__Simulated__seed42.mf.json
mfdro_real_vs_simulated,Hartmann_6D,Hartmann_6D,43,2.0768437117583103,500,1,,688.0,0.996,results/mfdro_real_vs_simulated/checkpoints/Hartmann_6D__Simulated__seed43.mf.json
mfdro_real_vs_simulated,Hartmann_6D,Hartmann_6D,44,0.693725199399903,500,1,,730.0,0.984,results/mfdro_real_vs_simulated/checkpoints/Hartmann_6D__Simulated__seed44.mf.json
mfdro_real_vs_simulated,Real,Hartmann_6D,42,0.49282141443239835,100,4,3,974.0,0.0,results/mfdro_real_vs_simulated/checkpoints/Real__Hartmann_6D__seed42.json
mfdro_real_vs_simulated,Real,Hartmann_6D,43,2.0768437117583103,500,1,0,688.0,0.996,results/mfdro_real_vs_simulated/checkpoints/Real__Hartmann_6D__seed43.json
mfdro_real_vs_simulated,Real,Hartmann_6D,44,0.5162580132873789,500,3,2,772.0,0.972,results/mfdro_real_vs_simulated/checkpoints/Real__Hartmann_6D__seed44.json
mfdro_real_vs_simulated,Simulated,Hartmann_6D,42,1.6632602371761291,500,7,6,891.0,0.938,results/mfdro_real_vs_simulated/checkpoints/Simulated__Hartmann_6D__seed42.json
mfdro_real_vs_simulated,Simulated,Hartmann_6D,43,2.0768437117583103,500,1,0,688.0,0.996,results/mfdro_real_vs_simulated/checkpoints/Simulated__Hartmann_6D__seed43.json
mfdro_real_vs_simulated,Simulated,Hartmann_6D,44,0.693725199399903,500,1,0,730.0,0.984,results/mfdro_real_vs_simulated/checkpoints/Simulated__Hartmann_6D__seed44.json
mfdro_smoketest,Currin_2D,Currin_2D,42,0.08951260237403069,5,2,,21.0,0.6,results/mfdro_smoketest/checkpoints/Currin_2D__MF-DRO__seed42.mf.json
mfdro_smoketest,Hartmann_6D,Hartmann_6D,42,3.109587614383969,5,1,,32.0,1.0,results/mfdro_smoketest/checkpoints/Hartmann_6D__MF-DRO__seed42.mf.json
mfdro_smoketest_fix12,Hartmann_6D,Hartmann_6D,42,2.7680623007965086,5,3,,67.0,0.0,results/mfdro_smoketest_fix12/checkpoints/Hartmann_6D__MF-DRO__seed42.mf.json
mfdro_smoketest_h6d_v2,Hartmann_6D,Hartmann_6D,42,3.109587614383969,5,1,,32.0,1.0,results/mfdro_smoketest_h6d_v2/checkpoints/Hartmann_6D__MF-DRO__seed42.mf.json
mfdro_smoketest_h6d_v3,Hartmann_6D,Hartmann_6D,42,3.109587614383969,5,1,,32.0,1.0,results/mfdro_smoketest_h6d_v3/checkpoints/Hartmann_6D__MF-DRO__seed42.mf.json
mfdro_stage1,Currin_2D,Currin_2D,42,3.9915740364829517,30,1,,50.0,,results/mfdro_stage1/baselines/Currin_2D__MF-GP-UCB__seed42.json
mfdro_stage1,Currin_2D,Currin_2D,43,4.6117290267718705,30,1,,50.0,,results/mfdro_stage1/baselines/Currin_2D__MF-GP-UCB__seed43.json
mfdro_stage1,Currin_2D,Currin_2D,44,1.049256101042909,30,1,,50.0,,results/mfdro_stage1/baselines/Currin_2D__MF-GP-UCB__seed44.json
mfdro_stage1,Currin_2D,Currin_2D,42,0.01054845543499816,30,5,,200.0,,results/mfdro_stage1/baselines/Currin_2D__MF-MI-Greedy__seed42.json
mfdro_stage1,Currin_2D,Currin_2D,43,2.879295964142159e-05,30,5,,198.0,,results/mfdro_stage1/baselines/Currin_2D__MF-MI-Greedy__seed43.json
mfdro_stage1,Currin_2D,Currin_2D,44,0.0007054224843408008,30,9,,200.0,,results/mfdro_stage1/baselines/Currin_2D__MF-MI-Greedy__seed44.json
mfdro_stage1,Hartmann_6D,Hartmann_6D,42,2.6029642945180167,30,1,,75.0,,results/mfdro_stage1/baselines/Hartmann_6D__MF-GP-UCB__seed42.json
mfdro_stage1,Hartmann_6D,Hartmann_6D,43,2.3733060323249218,30,1,,103.0,,results/mfdro_stage1/baselines/Hartmann_6D__MF-GP-UCB__seed43.json
mfdro_stage1,Hartmann_6D,Hartmann_6D,44,2.368436679523076,30,1,,75.0,,results/mfdro_stage1/baselines/Hartmann_6D__MF-GP-UCB__seed44.json
mfdro_stage1,Hartmann_6D,Hartmann_6D,42,0.18763101772132718,30,7,,500.0,,results/mfdro_stage1/baselines/Hartmann_6D__MF-MI-Greedy__seed42.json
mfdro_stage1,Hartmann_6D,Hartmann_6D,43,1.3059748703772605,30,9,,391.0,,results/mfdro_stage1/baselines/Hartmann_6D__MF-MI-Greedy__seed43.json
mfdro_stage1,Hartmann_6D,Hartmann_6D,44,0.3385198505208127,30,4,,511.0,,results/mfdro_stage1/baselines/Hartmann_6D__MF-MI-Greedy__seed44.json
mfdro_stage1,Currin_2D,Currin_2D,42,2.4589812913388744,11,1,,33.0,0.9090909090909091,results/mfdro_stage1/checkpoints/Currin_2D__MF-DRO__seed42.mf.json
mfdro_stage1,Currin_2D,Currin_2D,43,3.9922223558763896,11,1,,33.0,0.9090909090909091,results/mfdro_stage1/checkpoints/Currin_2D__MF-DRO__seed43.mf.json
mfdro_stage1,Currin_2D,Currin_2D,44,0.2768647828549877,15,4,,45.0,0.6666666666666666,results/mfdro_stage1/checkpoints/Currin_2D__MF-DRO__seed44.mf.json
mfdro_stage1,Currin_2D,Currin_2D,42,0.8596183732217906,30,4,,,,results/mfdro_stage1/checkpoints/Currin_2D__SF-DRO-rotate-MES__seed42.json
mfdro_stage1,Currin_2D,Currin_2D,43,1.3170792845684787e-05,30,2,,,,results/mfdro_stage1/checkpoints/Currin_2D__SF-DRO-rotate-MES__seed43.json
mfdro_stage1,Currin_2D,Currin_2D,44,2.1629217559095135,30,1,,,,results/mfdro_stage1/checkpoints/Currin_2D__SF-DRO-rotate-MES__seed44.json
mfdro_stage1,Hartmann_6D,Hartmann_6D,42,0.9764556361389158,24,4,,167.0,0.4166666666666667,results/mfdro_stage1/checkpoints/Hartmann_6D__MF-DRO__seed42.mf.json
mfdro_stage1,Hartmann_6D,Hartmann_6D,43,2.4358867183957806,11,1,,63.0,0.9090909090909091,results/mfdro_stage1/checkpoints/Hartmann_6D__MF-DRO__seed43.mf.json
mfdro_stage1,Hartmann_6D,Hartmann_6D,44,2.971483150726736,10,1,,55.0,1.0,results/mfdro_stage1/checkpoints/Hartmann_6D__MF-DRO__seed44.mf.json
mfdro_stage1,Hartmann_6D,Hartmann_6D,42,2.4198635777161934,30,1,,,,results/mfdro_stage1/checkpoints/Hartmann_6D__SF-DRO-rotate-MES__seed42.json
mfdro_stage1,Hartmann_6D,Hartmann_6D,43,2.127063094736726,30,1,,,,results/mfdro_stage1/checkpoints/Hartmann_6D__SF-DRO-rotate-MES__seed43.json
mfdro_stage1,Hartmann_6D,Hartmann_6D,44,2.377186423978743,30,1,,,,results/mfdro_stage1/checkpoints/Hartmann_6D__SF-DRO-rotate-MES__seed44.json
mfdro_stage1_fixed,Currin_2D,Currin_2D,42,3.5456314331228107,30,1,,50.0,1.0,results/mfdro_stage1_fixed/checkpoints/Currin_2D__MF-DRO__seed42.mf.json
mfdro_stage1_fixed,Currin_2D,Currin_2D,43,3.9922223558763896,30,1,,50.0,1.0,results/mfdro_stage1_fixed/checkpoints/Currin_2D__MF-DRO__seed43.mf.json
mfdro_stage1_fixed,Currin_2D,Currin_2D,44,1.539883495885693,30,1,,50.0,1.0,results/mfdro_stage1_fixed/checkpoints/Currin_2D__MF-DRO__seed44.mf.json
mfdro_stage1_fixed,Hartmann_6D,Hartmann_6D,42,1.8661948345342743,30,1,,285.0,0.0,results/mfdro_stage1_fixed/checkpoints/Hartmann_6D__MF-DRO__seed42.mf.json
mfdro_stage1_fixed,Hartmann_6D,Hartmann_6D,43,2.4358867183957806,12,1,,64.0,0.9166666666666666,results/mfdro_stage1_fixed/checkpoints/Hartmann_6D__MF-DRO__seed43.mf.json
mfdro_stage1_fixed,Hartmann_6D,Hartmann_6D,44,2.971483150726736,10,1,,55.0,1.0,results/mfdro_stage1_fixed/checkpoints/Hartmann_6D__MF-DRO__seed44.mf.json
mfdro_stage1_v3,Currin_2D,Currin_2D,42,0.041110769793464286,30,2,,54.0,0.9333333333333333,results/mfdro_stage1_v3/checkpoints/Currin_2D__MF-DRO__seed42.mf.json
mfdro_stage1_v3,Currin_2D,Currin_2D,43,3.9922223558763896,30,1,,54.0,0.9333333333333333,results/mfdro_stage1_v3/checkpoints/Currin_2D__MF-DRO__seed43.mf.json
mfdro_stage1_v3,Currin_2D,Currin_2D,44,0.4875514665097729,30,2,,54.0,0.9333333333333333,results/mfdro_stage1_v3/checkpoints/Currin_2D__MF-DRO__seed44.mf.json
mfdro_stage1_v3,Hartmann_6D,Hartmann_6D,42,1.8661948345342743,30,1,,173.0,0.5333333333333333,results/mfdro_stage1_v3/checkpoints/Hartmann_6D__MF-DRO__seed42.mf.json
mfdro_stage1_v3,Hartmann_6D,Hartmann_6D,43,2.4358867183957806,30,1,,89.0,0.9333333333333333,results/mfdro_stage1_v3/checkpoints/Hartmann_6D__MF-DRO__seed43.mf.json
mfdro_stage1_v3,Hartmann_6D,Hartmann_6D,44,2.8345503879737852,30,1,,89.0,0.9333333333333333,results/mfdro_stage1_v3/checkpoints/Hartmann_6D__MF-DRO__seed44.mf.json
mfdro_stage2,Borehole_8D,Borehole_8D,42,37.170460392915686,197,3,,288.0,0.9847715736040609,results/mfdro_stage2/checkpoints/Borehole_8D__MF-DRO__seed42.mf.json
mfdro_stage2,Borehole_8D,Borehole_8D,43,56.93941949969627,100,1,,288.0,0.0,results/mfdro_stage2/checkpoints/Borehole_8D__MF-DRO__seed43.mf.json
mfdro_stage2,Borehole_8D,Borehole_8D,44,107.06463576210086,101,1,,289.0,0.009900990099009901,results/mfdro_stage2/checkpoints/Borehole_8D__MF-DRO__seed44.mf.json
mfdro_stage2,Borehole_8D,Borehole_8D,45,43.31431335099796,198,2,,288.0,0.98989898989899,results/mfdro_stage2/checkpoints/Borehole_8D__MF-DRO__seed45.mf.json
mfdro_stage2,Borehole_8D,Borehole_8D,46,44.47710157079078,194,1,,288.0,0.9690721649484536,results/mfdro_stage2/checkpoints/Borehole_8D__MF-DRO__seed46.mf.json
mfdro_stage2,Borehole_8D,Borehole_8D,42,19.44840020421418,100,7,,,,results/mfdro_stage2/checkpoints/Borehole_8D__SF-DRO-rotate-MES__seed42.json
mfdro_stage2,Borehole_8D,Borehole_8D,43,50.167921477096456,100,2,,,,results/mfdro_stage2/checkpoints/Borehole_8D__SF-DRO-rotate-MES__seed43.json
mfdro_stage2,Borehole_8D,Borehole_8D,44,76.45187538215967,100,5,,,,results/mfdro_stage2/checkpoints/Borehole_8D__SF-DRO-rotate-MES__seed44.json
mfdro_stage2,Borehole_8D,Borehole_8D,45,40.02749562652539,100,5,,,,results/mfdro_stage2/checkpoints/Borehole_8D__SF-DRO-rotate-MES__seed45.json
mfdro_stage2,Borehole_8D,Borehole_8D,46,30.857057274436244,100,5,,,,results/mfdro_stage2/checkpoints/Borehole_8D__SF-DRO-rotate-MES__seed46.json
mfdro_stage2,Currin_2D,Currin_2D,42,0.0014484086484447545,276,2,,328.0,0.9565217391304348,results/mfdro_stage2/checkpoints/Currin_2D__MF-DRO__seed42.mf.json
mfdro_stage2,Currin_2D,Currin_2D,43,0.2975337663144604,292,3,,328.0,0.9863013698630136,results/mfdro_stage2/checkpoints/Currin_2D__MF-DRO__seed43.mf.json
mfdro_stage2,Currin_2D,Currin_2D,44,0.6307439210288859,296,1,,328.0,0.9932432432432432,results/mfdro_stage2/checkpoints/Currin_2D__MF-DRO__seed44.mf.json
mfdro_stage2,Currin_2D,Currin_2D,45,0.6013009705991283,282,2,,328.0,0.9680851063829787,results/mfdro_stage2/checkpoints/Currin_2D__MF-DRO__seed45.mf.json
mfdro_stage2,Currin_2D,Currin_2D,46,0.08111476697112074,296,1,,328.0,0.9932432432432432,results/mfdro_stage2/checkpoints/Currin_2D__MF-DRO__seed46.mf.json
mfdro_stage2,Currin_2D,Currin_2D,42,6.342819660787313e-05,100,12,,,,results/mfdro_stage2/checkpoints/Currin_2D__SF-DRO-rotate-MES__seed42.json
mfdro_stage2,Currin_2D,Currin_2D,43,0.2700932715194213,100,6,,,,results/mfdro_stage2/checkpoints/Currin_2D__SF-DRO-rotate-MES__seed43.json
mfdro_stage2,Currin_2D,Currin_2D,44,0.046704801024786136,100,8,,,,results/mfdro_stage2/checkpoints/Currin_2D__SF-DRO-rotate-MES__seed44.json
mfdro_stage2,Currin_2D,Currin_2D,45,0.422778433859337,100,2,,,,results/mfdro_stage2/checkpoints/Currin_2D__SF-DRO-rotate-MES__seed45.json
mfdro_stage2,Currin_2D,Currin_2D,46,0.6027087068853589,100,3,,,,results/mfdro_stage2/checkpoints/Currin_2D__SF-DRO-rotate-MES__seed46.json
mfdro_stage2,Greedy-MES,Borehole_8D,42,19.168881228304542,151,3,,200.0,0.6754966887417219,results/mfdro_stage2/checkpoints/Greedy-MES__Borehole_8D__seed42.json
mfdro_stage2,Greedy-MES,Borehole_8D,43,-9.317606575400191,143,6,,200.0,0.6013986013986014,results/mfdro_stage2/checkpoints/Greedy-MES__Borehole_8D__seed43.json
mfdro_stage2,Greedy-MES,Borehole_8D,44,-11.271898454573147,150,3,,200.0,0.6666666666666666,results/mfdro_stage2/checkpoints/Greedy-MES__Borehole_8D__seed44.json
mfdro_stage2,Greedy-MES,Borehole_8D,45,-10.027644969294556,150,2,,200.0,0.6666666666666666,results/mfdro_stage2/checkpoints/Greedy-MES__Borehole_8D__seed45.json
mfdro_stage2,Greedy-MES,Borehole_8D,46,16.503242870433894,150,5,,200.0,0.6666666666666666,results/mfdro_stage2/checkpoints/Greedy-MES__Borehole_8D__seed46.json
mfdro_stage2,Greedy-MES,Currin_2D,42,3.8210183680220666e-05,186,6,,302.0,0.6881720430107527,results/mfdro_stage2/checkpoints/Greedy-MES__Currin_2D__seed42.json
mfdro_stage2,Greedy-MES,Currin_2D,43,0.0003205265345478381,252,7,,300.0,0.9047619047619048,results/mfdro_stage2/checkpoints/Greedy-MES__Currin_2D__seed43.json
mfdro_stage2,Greedy-MES,Currin_2D,44,1.543043778085007e-06,220,7,,300.0,0.8181818181818182,results/mfdro_stage2/checkpoints/Greedy-MES__Currin_2D__seed44.json
mfdro_stage2,Greedy-MES,Currin_2D,45,0.0012119423122083361,256,7,,300.0,0.9140625,results/mfdro_stage2/checkpoints/Greedy-MES__Currin_2D__seed45.json
mfdro_stage2,Greedy-MES,Currin_2D,46,0.00012891338601406233,176,6,,302.0,0.6420454545454546,results/mfdro_stage2/checkpoints/Greedy-MES__Currin_2D__seed46.json
mfdro_stage2,Greedy-MES,Hartmann_6D,42,0.46359340984892805,500,4,,570.0,0.98,results/mfdro_stage2/checkpoints/Greedy-MES__Hartmann_6D__seed42.json
mfdro_stage2,Greedy-MES,Hartmann_6D,43,0.23445098994398617,500,5,,731.0,0.934,results/mfdro_stage2/checkpoints/Greedy-MES__Hartmann_6D__seed43.json
mfdro_stage2,Greedy-MES,Hartmann_6D,44,0.3661891388559222,106,3,,806.0,0.05660377358490566,results/mfdro_stage2/checkpoints/Greedy-MES__Hartmann_6D__seed44.json
mfdro_stage2,Greedy-MES,Hartmann_6D,45,0.32455204442241614,500,4,,612.0,0.968,results/mfdro_stage2/checkpoints/Greedy-MES__Hartmann_6D__seed45.json
mfdro_stage2,Greedy-MES,Hartmann_6D,46,0.4232229371447205,500,4,,696.0,0.944,results/mfdro_stage2/checkpoints/Greedy-MES__Hartmann_6D__seed46.json
mfdro_stage2,Hartmann_6D,Hartmann_6D,42,2.1109440995407103,345,1,,974.0,0.8115942028985508,results/mfdro_stage2/checkpoints/Hartmann_6D__MF-DRO__seed42.mf.json
mfdro_stage2,Hartmann_6D,Hartmann_6D,43,2.0768437117583103,500,1,,688.0,0.996,results/mfdro_stage2/checkpoints/Hartmann_6D__MF-DRO__seed43.mf.json
mfdro_stage2,Hartmann_6D,Hartmann_6D,44,0.693725199399903,500,1,,688.0,0.996,results/mfdro_stage2/checkpoints/Hartmann_6D__MF-DRO__seed44.mf.json
mfdro_stage2,Hartmann_6D,Hartmann_6D,45,2.430215776596429,500,1,,688.0,0.996,results/mfdro_stage2/checkpoints/Hartmann_6D__MF-DRO__seed45.mf.json
mfdro_stage2,Hartmann_6D,Hartmann_6D,46,1.2727665377807615,500,2,,688.0,0.996,results/mfdro_stage2/checkpoints/Hartmann_6D__MF-DRO__seed46.mf.json
mfdro_stage2,Hartmann_6D,Hartmann_6D,42,1.7264099355893996,100,1,,,,results/mfdro_stage2/checkpoints/Hartmann_6D__SF-DRO-rotate-MES__seed42.json
mfdro_stage2,Hartmann_6D,Hartmann_6D,43,2.1456872582343656,100,1,,,,results/mfdro_stage2/checkpoints/Hartmann_6D__SF-DRO-rotate-MES__seed43.json
mfdro_stage2,Hartmann_6D,Hartmann_6D,44,2.2691355003221316,100,1,,,,results/mfdro_stage2/checkpoints/Hartmann_6D__SF-DRO-rotate-MES__seed44.json
mfdro_stage2,Hartmann_6D,Hartmann_6D,45,2.226964607113939,100,1,,,,results/mfdro_stage2/checkpoints/Hartmann_6D__SF-DRO-rotate-MES__seed45.json
mfdro_stage2,Hartmann_6D,Hartmann_6D,46,1.8920656657413195,100,1,,,,results/mfdro_stage2/checkpoints/Hartmann_6D__SF-DRO-rotate-MES__seed46.json
mfdro_stage2,MF-DRO,Borehole_8D,42,37.170460392915686,197,3,,288.0,0.9847715736040609,results/mfdro_stage2/checkpoints/MF-DRO__Borehole_8D__seed42.json
mfdro_stage2,MF-DRO,Borehole_8D,43,56.93941949969627,100,1,,288.0,0.0,results/mfdro_stage2/checkpoints/MF-DRO__Borehole_8D__seed43.json
mfdro_stage2,MF-DRO,Borehole_8D,44,107.06463576210086,101,1,,289.0,0.009900990099009901,results/mfdro_stage2/checkpoints/MF-DRO__Borehole_8D__seed44.json
mfdro_stage2,MF-DRO,Borehole_8D,45,43.31431335099796,198,2,,288.0,0.98989898989899,results/mfdro_stage2/checkpoints/MF-DRO__Borehole_8D__seed45.json
mfdro_stage2,MF-DRO,Borehole_8D,46,44.47710157079078,194,1,,288.0,0.9690721649484536,results/mfdro_stage2/checkpoints/MF-DRO__Borehole_8D__seed46.json
mfdro_stage2,MF-DRO,Currin_2D,42,0.0014484086484447545,276,2,,328.0,0.9565217391304348,results/mfdro_stage2/checkpoints/MF-DRO__Currin_2D__seed42.json
mfdro_stage2,MF-DRO,Currin_2D,43,0.2975337663144604,292,3,,328.0,0.9863013698630136,results/mfdro_stage2/checkpoints/MF-DRO__Currin_2D__seed43.json
mfdro_stage2,MF-DRO,Currin_2D,44,0.6307439210288859,296,1,,328.0,0.9932432432432432,results/mfdro_stage2/checkpoints/MF-DRO__Currin_2D__seed44.json
mfdro_stage2,MF-DRO,Currin_2D,45,0.6013009705991283,282,2,,328.0,0.9680851063829787,results/mfdro_stage2/checkpoints/MF-DRO__Currin_2D__seed45.json
mfdro_stage2,MF-DRO,Currin_2D,46,0.08111476697112074,296,1,,328.0,0.9932432432432432,results/mfdro_stage2/checkpoints/MF-DRO__Currin_2D__seed46.json
mfdro_stage2,MF-DRO,Hartmann_6D,42,2.1109440995407103,345,1,,974.0,0.8115942028985508,results/mfdro_stage2/checkpoints/MF-DRO__Hartmann_6D__seed42.json
mfdro_stage2,MF-DRO,Hartmann_6D,43,2.0768437117583103,500,1,,688.0,0.996,results/mfdro_stage2/checkpoints/MF-DRO__Hartmann_6D__seed43.json
mfdro_stage2,MF-DRO,Hartmann_6D,44,0.693725199399903,500,1,,688.0,0.996,results/mfdro_stage2/checkpoints/MF-DRO__Hartmann_6D__seed44.json
mfdro_stage2,MF-DRO,Hartmann_6D,45,2.430215776596429,500,1,,688.0,0.996,results/mfdro_stage2/checkpoints/MF-DRO__Hartmann_6D__seed45.json
mfdro_stage2,MF-DRO,Hartmann_6D,46,1.2727665377807615,500,2,,688.0,0.996,results/mfdro_stage2/checkpoints/MF-DRO__Hartmann_6D__seed46.json
mfdro_stage2,MF-GP-UCB,Borehole_8D,42,53.79437633057529,200,1,,200.0,,results/mfdro_stage2/checkpoints/MF-GP-UCB__Borehole_8D__seed42.json
mfdro_stage2,MF-GP-UCB,Borehole_8D,43,56.93941949969627,200,1,,200.0,,results/mfdro_stage2/checkpoints/MF-GP-UCB__Borehole_8D__seed43.json
mfdro_stage2,MF-GP-UCB,Borehole_8D,44,107.06463576210086,200,1,,200.0,,results/mfdro_stage2/checkpoints/MF-GP-UCB__Borehole_8D__seed44.json
mfdro_stage2,MF-GP-UCB,Borehole_8D,45,79.30351988633922,200,1,,200.0,,results/mfdro_stage2/checkpoints/MF-GP-UCB__Borehole_8D__seed45.json
mfdro_stage2,MF-GP-UCB,Borehole_8D,46,133.76810920250992,200,1,,200.0,,results/mfdro_stage2/checkpoints/MF-GP-UCB__Borehole_8D__seed46.json
mfdro_stage2,MF-GP-UCB,Currin_2D,42,3.413514171475617,300,1,,300.0,,results/mfdro_stage2/checkpoints/MF-GP-UCB__Currin_2D__seed42.json
mfdro_stage2,MF-GP-UCB,Currin_2D,43,1.6597022110096429,300,1,,300.0,,results/mfdro_stage2/checkpoints/MF-GP-UCB__Currin_2D__seed43.json
mfdro_stage2,MF-GP-UCB,Currin_2D,44,0.6307439210288859,300,1,,300.0,,results/mfdro_stage2/checkpoints/MF-GP-UCB__Currin_2D__seed44.json
mfdro_stage2,MF-GP-UCB,Currin_2D,45,4.219341627449163,300,1,,300.0,,results/mfdro_stage2/checkpoints/MF-GP-UCB__Currin_2D__seed45.json
mfdro_stage2,MF-GP-UCB,Currin_2D,46,0.08111476697112074,300,1,,300.0,,results/mfdro_stage2/checkpoints/MF-GP-UCB__Currin_2D__seed46.json
mfdro_stage2,MF-GP-UCB,Hartmann_6D,42,2.3591936681725176,500,1,,500.0,,results/mfdro_stage2/checkpoints/MF-GP-UCB__Hartmann_6D__seed42.json
mfdro_stage2,MF-GP-UCB,Hartmann_6D,43,2.0768437117583103,500,1,,500.0,,results/mfdro_stage2/checkpoints/MF-GP-UCB__Hartmann_6D__seed43.json
mfdro_stage2,MF-GP-UCB,Hartmann_6D,44,0.693725199399903,500,1,,500.0,,results/mfdro_stage2/checkpoints/MF-GP-UCB__Hartmann_6D__seed44.json
mfdro_stage2,MF-GP-UCB,Hartmann_6D,45,2.430215776596429,500,1,,500.0,,results/mfdro_stage2/checkpoints/MF-GP-UCB__Hartmann_6D__seed45.json
mfdro_stage2,MF-GP-UCB,Hartmann_6D,46,2.3884373649831963,500,1,,500.0,,results/mfdro_stage2/checkpoints/MF-GP-UCB__Hartmann_6D__seed46.json
mfdro_stage2,MF-MI-Greedy,Borehole_8D,42,-7.881899078940478,99,8,,201.0,,results/mfdro_stage2/checkpoints/MF-MI-Greedy__Borehole_8D__seed42.json
mfdro_stage2,MF-MI-Greedy,Borehole_8D,43,-7.881899078940478,100,8,,200.0,,results/mfdro_stage2/checkpoints/MF-MI-Greedy__Borehole_8D__seed43.json
mfdro_stage2,MF-MI-Greedy,Borehole_8D,44,-7.881899078940478,100,8,,200.0,,results/mfdro_stage2/checkpoints/MF-MI-Greedy__Borehole_8D__seed44.json
mfdro_stage2,MF-MI-Greedy,Borehole_8D,45,-7.881899078940478,100,8,,200.0,,results/mfdro_stage2/checkpoints/MF-MI-Greedy__Borehole_8D__seed45.json
mfdro_stage2,MF-MI-Greedy,Borehole_8D,46,-7.881899078940478,100,9,,200.0,,results/mfdro_stage2/checkpoints/MF-MI-Greedy__Borehole_8D__seed46.json
mfdro_stage2,MF-MI-Greedy,Currin_2D,42,7.560140643292357e-06,50,7,,300.0,,results/mfdro_stage2/checkpoints/MF-MI-Greedy__Currin_2D__seed42.json
mfdro_stage2,MF-MI-Greedy,Currin_2D,43,7.560140643292357e-06,51,12,,303.0,,results/mfdro_stage2/checkpoints/MF-MI-Greedy__Currin_2D__seed43.json
mfdro_stage2,MF-MI-Greedy,Currin_2D,44,0.001077784342378152,51,12,,301.0,,results/mfdro_stage2/checkpoints/MF-MI-Greedy__Currin_2D__seed44.json
mfdro_stage2,MF-MI-Greedy,Currin_2D,45,7.560140643292357e-06,50,7,,300.0,,results/mfdro_stage2/checkpoints/MF-MI-Greedy__Currin_2D__seed45.json
mfdro_stage2,MF-MI-Greedy,Currin_2D,46,0.007528208994397545,50,5,,300.0,,results/mfdro_stage2/checkpoints/MF-MI-Greedy__Currin_2D__seed46.json
mfdro_stage2,MF-MI-Greedy,Hartmann_6D,42,0.21764609734799034,53,6,,813.0,,results/mfdro_stage2/checkpoints/MF-MI-Greedy__Hartmann_6D__seed42.json
mfdro_stage2,MF-MI-Greedy,Hartmann_6D,43,0.5752922951171175,50,4,,800.0,,results/mfdro_stage2/checkpoints/MF-MI-Greedy__Hartmann_6D__seed43.json
mfdro_stage2,MF-MI-Greedy,Hartmann_6D,44,0.21764609734799034,50,6,,800.0,,results/mfdro_stage2/checkpoints/MF-MI-Greedy__Hartmann_6D__seed44.json
mfdro_stage2,MF-MI-Greedy,Hartmann_6D,45,0.21764609734799034,51,6,,809.0,,results/mfdro_stage2/checkpoints/MF-MI-Greedy__Hartmann_6D__seed45.json
mfdro_stage2,MF-MI-Greedy,Hartmann_6D,46,0.5911078576650142,57,4,,813.0,,results/mfdro_stage2/checkpoints/MF-MI-Greedy__Hartmann_6D__seed46.json
mfdro_stage2,SF-DRO,Borehole_8D,42,19.44840020421418,100,7,,200.0,,results/mfdro_stage2/checkpoints/SF-DRO__Borehole_8D__seed42.json
mfdro_stage2,SF-DRO,Borehole_8D,43,50.167921477096456,100,2,,200.0,,results/mfdro_stage2/checkpoints/SF-DRO__Borehole_8D__seed43.json
mfdro_stage2,SF-DRO,Borehole_8D,44,76.45187538215967,100,5,,200.0,,results/mfdro_stage2/checkpoints/SF-DRO__Borehole_8D__seed44.json
mfdro_stage2,SF-DRO,Borehole_8D,45,40.02749562652539,100,5,,200.0,,results/mfdro_stage2/checkpoints/SF-DRO__Borehole_8D__seed45.json
mfdro_stage2,SF-DRO,Borehole_8D,46,30.857057274436244,100,5,,200.0,,results/mfdro_stage2/checkpoints/SF-DRO__Borehole_8D__seed46.json
mfdro_stage2,SF-DRO,Currin_2D,42,6.342819660787313e-05,100,12,,300.0,,results/mfdro_stage2/checkpoints/SF-DRO__Currin_2D__seed42.json
mfdro_stage2,SF-DRO,Currin_2D,43,0.2700932715194213,100,6,,300.0,,results/mfdro_stage2/checkpoints/SF-DRO__Currin_2D__seed43.json
mfdro_stage2,SF-DRO,Currin_2D,44,0.046704801024786136,100,8,,300.0,,results/mfdro_stage2/checkpoints/SF-DRO__Currin_2D__seed44.json
mfdro_stage2,SF-DRO,Currin_2D,45,0.422778433859337,100,2,,300.0,,results/mfdro_stage2/checkpoints/SF-DRO__Currin_2D__seed45.json
mfdro_stage2,SF-DRO,Currin_2D,46,0.6027087068853589,100,3,,300.0,,results/mfdro_stage2/checkpoints/SF-DRO__Currin_2D__seed46.json
mfdro_stage2,SF-DRO,Hartmann_6D,42,1.7264099355893996,100,1,,800.0,,results/mfdro_stage2/checkpoints/SF-DRO__Hartmann_6D__seed42.json
mfdro_stage2,SF-DRO,Hartmann_6D,43,2.1456872582343656,100,1,,800.0,,results/mfdro_stage2/checkpoints/SF-DRO__Hartmann_6D__seed43.json
mfdro_stage2,SF-DRO,Hartmann_6D,44,2.2691355003221316,100,1,,800.0,,results/mfdro_stage2/checkpoints/SF-DRO__Hartmann_6D__seed44.json
mfdro_stage2,SF-DRO,Hartmann_6D,45,2.226964607113939,100,1,,800.0,,results/mfdro_stage2/checkpoints/SF-DRO__Hartmann_6D__seed45.json
mfdro_stage2,SF-DRO,Hartmann_6D,46,1.8920656657413195,100,1,,800.0,,results/mfdro_stage2/checkpoints/SF-DRO__Hartmann_6D__seed46.json
mfdro_stage2_v3,Ackley_10D_MF,Ackley_10D_MF,42,7.918084166996525,100,1,,,,results/mfdro_stage2_v3/checkpoints/Ackley_10D_MF__SF-DRO-rotate-MES__seed42.json
mfdro_stage2_v3,Ackley_10D_MF,Ackley_10D_MF,43,8.038853447392043,100,1,,,,results/mfdro_stage2_v3/checkpoints/Ackley_10D_MF__SF-DRO-rotate-MES__seed43.json
mfdro_stage2_v3,Ackley_10D_MF,Ackley_10D_MF,44,8.38534380333136,100,1,,,,results/mfdro_stage2_v3/checkpoints/Ackley_10D_MF__SF-DRO-rotate-MES__seed44.json
mfdro_stage2_v3,Ackley_10D_MF,Ackley_10D_MF,45,8.140525314465718,100,1,,,,results/mfdro_stage2_v3/checkpoints/Ackley_10D_MF__SF-DRO-rotate-MES__seed45.json
mfdro_stage2_v3,Ackley_10D_MF,Ackley_10D_MF,46,7.191754263360407,100,1,,,,results/mfdro_stage2_v3/checkpoints/Ackley_10D_MF__SF-DRO-rotate-MES__seed46.json
mfdro_stage2_v3,Ackley_10D,Ackley_10D,42,6.3213641135993655,100,3,,854.0,0.94,results/mfdro_stage2_v3/checkpoints/Ackley_10D__MF-DRO__seed42.mf.json
mfdro_stage2_v3,Ackley_10D,Ackley_10D,43,4.490220661144633,100,2,,935.0,0.85,results/mfdro_stage2_v3/checkpoints/Ackley_10D__MF-DRO__seed43.mf.json
mfdro_stage2_v3,Ackley_10D,Ackley_10D,44,7.586143899109469,100,1,,836.0,0.96,results/mfdro_stage2_v3/checkpoints/Ackley_10D__MF-DRO__seed44.mf.json
mfdro_stage2_v3,Ackley_10D,Ackley_10D,45,5.879235048277959,100,2,,872.0,0.92,results/mfdro_stage2_v3/checkpoints/Ackley_10D__MF-DRO__seed45.mf.json
mfdro_stage2_v3,Ackley_10D,Ackley_10D,46,6.233545300739966,100,3,,854.0,0.94,results/mfdro_stage2_v3/checkpoints/Ackley_10D__MF-DRO__seed46.mf.json
mfdro_stage2_v3,Borehole_8D,Borehole_8D,42,49.289037222860316,100,6,,330.0,0.46,results/mfdro_stage2_v3/checkpoints/Borehole_8D__MF-DRO__seed42.mf.json
mfdro_stage2_v3,Borehole_8D,Borehole_8D,43,65.76910552430374,100,6,,376.0,0.0,results/mfdro_stage2_v3/checkpoints/Borehole_8D__MF-DRO__seed43.mf.json
mfdro_stage2_v3,Borehole_8D,Borehole_8D,44,55.424608368596694,100,5,,330.0,0.46,results/mfdro_stage2_v3/checkpoints/Borehole_8D__MF-DRO__seed44.mf.json
mfdro_stage2_v3,Borehole_8D,Borehole_8D,45,72.60704738593148,100,1,,344.0,0.32,results/mfdro_stage2_v3/checkpoints/Borehole_8D__MF-DRO__seed45.mf.json
mfdro_stage2_v3,Borehole_8D,Borehole_8D,46,36.19358649777013,100,12,,352.0,0.24,results/mfdro_stage2_v3/checkpoints/Borehole_8D__MF-DRO__seed46.mf.json
mfdro_stage2_v3,Borehole_8D,Borehole_8D,42,56.82021716465829,100,3,,,,results/mfdro_stage2_v3/checkpoints/Borehole_8D__SF-DRO-rotate-MES__seed42.json
mfdro_stage2_v3,Borehole_8D,Borehole_8D,43,49.86661519947745,100,3,,,,results/mfdro_stage2_v3/checkpoints/Borehole_8D__SF-DRO-rotate-MES__seed43.json
mfdro_stage2_v3,Borehole_8D,Borehole_8D,44,85.44412715105557,100,2,,,,results/mfdro_stage2_v3/checkpoints/Borehole_8D__SF-DRO-rotate-MES__seed44.json
mfdro_stage2_v3,Borehole_8D,Borehole_8D,45,56.12353457116507,100,4,,,,results/mfdro_stage2_v3/checkpoints/Borehole_8D__SF-DRO-rotate-MES__seed45.json
mfdro_stage2_v3,Borehole_8D,Borehole_8D,46,93.70205575457788,100,2,,,,results/mfdro_stage2_v3/checkpoints/Borehole_8D__SF-DRO-rotate-MES__seed46.json
mfdro_stage2_v3,Currin_2D,Currin_2D,42,0.2831829736302023,100,2,,160.0,0.98,results/mfdro_stage2_v3/checkpoints/Currin_2D__MF-DRO__seed42.mf.json
mfdro_stage2_v3,Currin_2D,Currin_2D,43,0.8212010561372995,100,2,,160.0,0.98,results/mfdro_stage2_v3/checkpoints/Currin_2D__MF-DRO__seed43.mf.json
mfdro_stage2_v3,Currin_2D,Currin_2D,44,0.018928380281099777,100,2,,160.0,0.98,results/mfdro_stage2_v3/checkpoints/Currin_2D__MF-DRO__seed44.mf.json
mfdro_stage2_v3,Currin_2D,Currin_2D,45,0.3785185107100393,100,1,,166.0,0.95,results/mfdro_stage2_v3/checkpoints/Currin_2D__MF-DRO__seed45.mf.json
mfdro_stage2_v3,Currin_2D,Currin_2D,46,0.03461869644495863,100,1,,160.0,0.98,results/mfdro_stage2_v3/checkpoints/Currin_2D__MF-DRO__seed46.mf.json
mfdro_stage2_v3,Currin_2D,Currin_2D,42,0.0028643529744449836,100,2,,,,results/mfdro_stage2_v3/checkpoints/Currin_2D__SF-DRO-rotate-MES__seed42.json
mfdro_stage2_v3,Currin_2D,Currin_2D,43,0.17016820824344414,100,3,,,,results/mfdro_stage2_v3/checkpoints/Currin_2D__SF-DRO-rotate-MES__seed43.json
mfdro_stage2_v3,Currin_2D,Currin_2D,44,0.43804782923356456,100,3,,,,results/mfdro_stage2_v3/checkpoints/Currin_2D__SF-DRO-rotate-MES__seed44.json
mfdro_stage2_v3,Currin_2D,Currin_2D,45,0.013682569438058678,100,4,,,,results/mfdro_stage2_v3/checkpoints/Currin_2D__SF-DRO-rotate-MES__seed45.json
mfdro_stage2_v3,Currin_2D,Currin_2D,46,0.23294630989194332,100,2,,,,results/mfdro_stage2_v3/checkpoints/Currin_2D__SF-DRO-rotate-MES__seed46.json
mfdro_stage2_v3,Greedy-MES,Ackley_10D,42,5.753481568890248,100,9,,469.0,0.59,results/mfdro_stage2_v3/checkpoints/Greedy-MES__Ackley_10D__seed42.json
mfdro_stage2_v3,Greedy-MES,Ackley_10D,43,6.09988561823485,100,1,,577.0,0.47,results/mfdro_stage2_v3/checkpoints/Greedy-MES__Ackley_10D__seed43.json
mfdro_stage2_v3,Greedy-MES,Ackley_10D,44,6.031489099143197,100,6,,523.0,0.53,results/mfdro_stage2_v3/checkpoints/Greedy-MES__Ackley_10D__seed44.json
mfdro_stage2_v3,Greedy-MES,Ackley_10D,45,5.2664954392188825,100,6,,658.0,0.38,results/mfdro_stage2_v3/checkpoints/Greedy-MES__Ackley_10D__seed45.json
mfdro_stage2_v3,Greedy-MES,Ackley_10D,46,6.108225500846132,100,6,,325.0,0.75,results/mfdro_stage2_v3/checkpoints/Greedy-MES__Ackley_10D__seed46.json
mfdro_stage2_v3,Greedy-MES,Borehole_8D,42,59.18151691534547,100,3,,142.0,0.58,results/mfdro_stage2_v3/checkpoints/Greedy-MES__Borehole_8D__seed42.json
mfdro_stage2_v3,Greedy-MES,Borehole_8D,43,40.11142367385992,100,6,,175.0,0.25,results/mfdro_stage2_v3/checkpoints/Greedy-MES__Borehole_8D__seed43.json
mfdro_stage2_v3,Greedy-MES,Borehole_8D,44,39.41311511204236,100,2,,143.0,0.57,results/mfdro_stage2_v3/checkpoints/Greedy-MES__Borehole_8D__seed44.json
mfdro_stage2_v3,Greedy-MES,Borehole_8D,45,23.37692218330085,100,2,,167.0,0.33,results/mfdro_stage2_v3/checkpoints/Greedy-MES__Borehole_8D__seed45.json
mfdro_stage2_v3,Greedy-MES,Borehole_8D,46,61.53000107185363,100,7,,132.0,0.68,results/mfdro_stage2_v3/checkpoints/Greedy-MES__Borehole_8D__seed46.json
mfdro_stage2_v3,Greedy-MES,Currin_2D,42,0.022594513118932014,100,4,,128.0,0.86,results/mfdro_stage2_v3/checkpoints/Greedy-MES__Currin_2D__seed42.json
mfdro_stage2_v3,Greedy-MES,Currin_2D,43,0.005876786640030218,100,7,,126.0,0.87,results/mfdro_stage2_v3/checkpoints/Greedy-MES__Currin_2D__seed43.json
mfdro_stage2_v3,Greedy-MES,Currin_2D,44,0.010549137572889222,100,7,,124.0,0.88,results/mfdro_stage2_v3/checkpoints/Greedy-MES__Currin_2D__seed44.json
mfdro_stage2_v3,Greedy-MES,Currin_2D,45,0.10219796769011502,100,3,,126.0,0.87,results/mfdro_stage2_v3/checkpoints/Greedy-MES__Currin_2D__seed45.json
mfdro_stage2_v3,Greedy-MES,Currin_2D,46,0.00014215180244114833,100,3,,126.0,0.87,results/mfdro_stage2_v3/checkpoints/Greedy-MES__Currin_2D__seed46.json
mfdro_stage2_v3,Greedy-MES,Hartmann_6D,42,0.4686577660874178,100,4,,135.0,0.95,results/mfdro_stage2_v3/checkpoints/Greedy-MES__Hartmann_6D__seed42.json
mfdro_stage2_v3,Greedy-MES,Hartmann_6D,43,0.35817198667585304,100,2,,254.0,0.78,results/mfdro_stage2_v3/checkpoints/Greedy-MES__Hartmann_6D__seed43.json
mfdro_stage2_v3,Greedy-MES,Hartmann_6D,44,0.40775048702746997,100,6,,149.0,0.93,results/mfdro_stage2_v3/checkpoints/Greedy-MES__Hartmann_6D__seed44.json
mfdro_stage2_v3,Greedy-MES,Hartmann_6D,45,0.5934033362142546,100,4,,149.0,0.93,results/mfdro_stage2_v3/checkpoints/Greedy-MES__Hartmann_6D__seed45.json
mfdro_stage2_v3,Greedy-MES,Hartmann_6D,46,0.43611623926333687,100,3,,142.0,0.94,results/mfdro_stage2_v3/checkpoints/Greedy-MES__Hartmann_6D__seed46.json
mfdro_stage2_v3,Hartmann_6D,Hartmann_6D,42,1.1163583095050251,100,2,,469.0,0.97,results/mfdro_stage2_v3/checkpoints/Hartmann_6D__MF-DRO__seed42.mf.json
mfdro_stage2_v3,Hartmann_6D,Hartmann_6D,43,1.6603416649119878,100,1,,469.0,0.97,results/mfdro_stage2_v3/checkpoints/Hartmann_6D__MF-DRO__seed43.mf.json
mfdro_stage2_v3,Hartmann_6D,Hartmann_6D,44,1.692827316081043,100,1,,462.0,0.98,results/mfdro_stage2_v3/checkpoints/Hartmann_6D__MF-DRO__seed44.mf.json
mfdro_stage2_v3,Hartmann_6D,Hartmann_6D,45,1.5282845898307709,100,1,,462.0,0.98,results/mfdro_stage2_v3/checkpoints/Hartmann_6D__MF-DRO__seed45.mf.json
mfdro_stage2_v3,Hartmann_6D,Hartmann_6D,46,0.5762564077388594,100,1,,469.0,0.97,results/mfdro_stage2_v3/checkpoints/Hartmann_6D__MF-DRO__seed46.mf.json
mfdro_stage2_v3,Hartmann_6D,Hartmann_6D,42,2.474271671725574,100,1,,,,results/mfdro_stage2_v3/checkpoints/Hartmann_6D__SF-DRO-rotate-MES__seed42.json
mfdro_stage2_v3,Hartmann_6D,Hartmann_6D,43,2.3996893379521973,100,1,,,,results/mfdro_stage2_v3/checkpoints/Hartmann_6D__SF-DRO-rotate-MES__seed43.json
mfdro_stage2_v3,Hartmann_6D,Hartmann_6D,44,1.8116059898598431,100,1,,,,results/mfdro_stage2_v3/checkpoints/Hartmann_6D__SF-DRO-rotate-MES__seed44.json
mfdro_stage2_v3,Hartmann_6D,Hartmann_6D,45,0.7705534100922398,100,1,,,,results/mfdro_stage2_v3/checkpoints/Hartmann_6D__SF-DRO-rotate-MES__seed45.json
mfdro_stage2_v3,Hartmann_6D,Hartmann_6D,46,1.6316366894569532,100,1,,,,results/mfdro_stage2_v3/checkpoints/Hartmann_6D__SF-DRO-rotate-MES__seed46.json
mfdro_stage2_v3,MF-DRO,Ackley_10D,42,6.3213641135993655,100,3,,854.0,0.94,results/mfdro_stage2_v3/checkpoints/MF-DRO__Ackley_10D__seed42.json
mfdro_stage2_v3,MF-DRO,Ackley_10D,43,4.490220661144633,100,2,,935.0,0.85,results/mfdro_stage2_v3/checkpoints/MF-DRO__Ackley_10D__seed43.json
mfdro_stage2_v3,MF-DRO,Ackley_10D,44,7.586143899109469,100,1,,836.0,0.96,results/mfdro_stage2_v3/checkpoints/MF-DRO__Ackley_10D__seed44.json
mfdro_stage2_v3,MF-DRO,Ackley_10D,45,5.879235048277959,100,2,,872.0,0.92,results/mfdro_stage2_v3/checkpoints/MF-DRO__Ackley_10D__seed45.json
mfdro_stage2_v3,MF-DRO,Ackley_10D,46,6.233545300739966,100,3,,854.0,0.94,results/mfdro_stage2_v3/checkpoints/MF-DRO__Ackley_10D__seed46.json
mfdro_stage2_v3,MF-DRO,Borehole_8D,42,49.289037222860316,100,6,,330.0,0.46,results/mfdro_stage2_v3/checkpoints/MF-DRO__Borehole_8D__seed42.json
mfdro_stage2_v3,MF-DRO,Borehole_8D,43,65.76910552430374,100,6,,376.0,0.0,results/mfdro_stage2_v3/checkpoints/MF-DRO__Borehole_8D__seed43.json
mfdro_stage2_v3,MF-DRO,Borehole_8D,44,55.424608368596694,100,5,,330.0,0.46,results/mfdro_stage2_v3/checkpoints/MF-DRO__Borehole_8D__seed44.json
mfdro_stage2_v3,MF-DRO,Borehole_8D,45,72.60704738593148,100,1,,344.0,0.32,results/mfdro_stage2_v3/checkpoints/MF-DRO__Borehole_8D__seed45.json
mfdro_stage2_v3,MF-DRO,Borehole_8D,46,36.19358649777013,100,12,,352.0,0.24,results/mfdro_stage2_v3/checkpoints/MF-DRO__Borehole_8D__seed46.json
mfdro_stage2_v3,MF-DRO,Currin_2D,42,0.2831829736302023,100,2,,160.0,0.98,results/mfdro_stage2_v3/checkpoints/MF-DRO__Currin_2D__seed42.json
mfdro_stage2_v3,MF-DRO,Currin_2D,43,0.8212010561372995,100,2,,160.0,0.98,results/mfdro_stage2_v3/checkpoints/MF-DRO__Currin_2D__seed43.json
mfdro_stage2_v3,MF-DRO,Currin_2D,44,0.018928380281099777,100,2,,160.0,0.98,results/mfdro_stage2_v3/checkpoints/MF-DRO__Currin_2D__seed44.json
mfdro_stage2_v3,MF-DRO,Currin_2D,45,0.3785185107100393,100,1,,166.0,0.95,results/mfdro_stage2_v3/checkpoints/MF-DRO__Currin_2D__seed45.json
mfdro_stage2_v3,MF-DRO,Currin_2D,46,0.03461869644495863,100,1,,160.0,0.98,results/mfdro_stage2_v3/checkpoints/MF-DRO__Currin_2D__seed46.json
mfdro_stage2_v3,MF-DRO,Hartmann_6D,42,1.1163583095050251,100,2,,469.0,0.97,results/mfdro_stage2_v3/checkpoints/MF-DRO__Hartmann_6D__seed42.json
mfdro_stage2_v3,MF-DRO,Hartmann_6D,43,1.6603416649119878,100,1,,469.0,0.97,results/mfdro_stage2_v3/checkpoints/MF-DRO__Hartmann_6D__seed43.json
mfdro_stage2_v3,MF-DRO,Hartmann_6D,44,1.692827316081043,100,1,,462.0,0.98,results/mfdro_stage2_v3/checkpoints/MF-DRO__Hartmann_6D__seed44.json
mfdro_stage2_v3,MF-DRO,Hartmann_6D,45,1.5282845898307709,100,1,,462.0,0.98,results/mfdro_stage2_v3/checkpoints/MF-DRO__Hartmann_6D__seed45.json
mfdro_stage2_v3,MF-DRO,Hartmann_6D,46,0.5762564077388594,100,1,,469.0,0.97,results/mfdro_stage2_v3/checkpoints/MF-DRO__Hartmann_6D__seed46.json
mfdro_stage2_v3,SF-DRO,Ackley_10D,42,7.918084166996525,100,1,,1000.0,,results/mfdro_stage2_v3/checkpoints/SF-DRO__Ackley_10D__seed42.json
mfdro_stage2_v3,SF-DRO,Ackley_10D,43,8.038853447392043,100,1,,1000.0,,results/mfdro_stage2_v3/checkpoints/SF-DRO__Ackley_10D__seed43.json
mfdro_stage2_v3,SF-DRO,Ackley_10D,44,8.38534380333136,100,1,,1000.0,,results/mfdro_stage2_v3/checkpoints/SF-DRO__Ackley_10D__seed44.json
mfdro_stage2_v3,SF-DRO,Ackley_10D,45,8.140525314465718,100,1,,1000.0,,results/mfdro_stage2_v3/checkpoints/SF-DRO__Ackley_10D__seed45.json
mfdro_stage2_v3,SF-DRO,Ackley_10D,46,7.191754263360407,100,1,,1000.0,,results/mfdro_stage2_v3/checkpoints/SF-DRO__Ackley_10D__seed46.json
mfdro_stage2_v3,SF-DRO,Borehole_8D,42,56.82021716465829,100,3,,200.0,,results/mfdro_stage2_v3/checkpoints/SF-DRO__Borehole_8D__seed42.json
mfdro_stage2_v3,SF-DRO,Borehole_8D,43,49.86661519947745,100,3,,200.0,,results/mfdro_stage2_v3/checkpoints/SF-DRO__Borehole_8D__seed43.json
mfdro_stage2_v3,SF-DRO,Borehole_8D,44,85.44412715105557,100,2,,200.0,,results/mfdro_stage2_v3/checkpoints/SF-DRO__Borehole_8D__seed44.json
mfdro_stage2_v3,SF-DRO,Borehole_8D,45,56.12353457116507,100,4,,200.0,,results/mfdro_stage2_v3/checkpoints/SF-DRO__Borehole_8D__seed45.json
mfdro_stage2_v3,SF-DRO,Borehole_8D,46,93.70205575457788,100,2,,200.0,,results/mfdro_stage2_v3/checkpoints/SF-DRO__Borehole_8D__seed46.json
mfdro_stage2_v3,SF-DRO,Currin_2D,42,0.0028643529744449836,100,2,,300.0,,results/mfdro_stage2_v3/checkpoints/SF-DRO__Currin_2D__seed42.json
mfdro_stage2_v3,SF-DRO,Currin_2D,43,0.17016820824344414,100,3,,300.0,,results/mfdro_stage2_v3/checkpoints/SF-DRO__Currin_2D__seed43.json
mfdro_stage2_v3,SF-DRO,Currin_2D,44,0.43804782923356456,100,3,,300.0,,results/mfdro_stage2_v3/checkpoints/SF-DRO__Currin_2D__seed44.json
mfdro_stage2_v3,SF-DRO,Currin_2D,45,0.013682569438058678,100,4,,300.0,,results/mfdro_stage2_v3/checkpoints/SF-DRO__Currin_2D__seed45.json
mfdro_stage2_v3,SF-DRO,Currin_2D,46,0.23294630989194332,100,2,,300.0,,results/mfdro_stage2_v3/checkpoints/SF-DRO__Currin_2D__seed46.json
mfdro_stage2_v3,SF-DRO,Hartmann_6D,42,2.474271671725574,100,1,,800.0,,results/mfdro_stage2_v3/checkpoints/SF-DRO__Hartmann_6D__seed42.json
mfdro_stage2_v3,SF-DRO,Hartmann_6D,43,2.3996893379521973,100,1,,800.0,,results/mfdro_stage2_v3/checkpoints/SF-DRO__Hartmann_6D__seed43.json
mfdro_stage2_v3,SF-DRO,Hartmann_6D,44,1.8116059898598431,100,1,,800.0,,results/mfdro_stage2_v3/checkpoints/SF-DRO__Hartmann_6D__seed44.json
mfdro_stage2_v3,SF-DRO,Hartmann_6D,45,0.7705534100922398,100,1,,800.0,,results/mfdro_stage2_v3/checkpoints/SF-DRO__Hartmann_6D__seed45.json
mfdro_stage2_v3,SF-DRO,Hartmann_6D,46,1.6316366894569532,100,1,,800.0,,results/mfdro_stage2_v3/checkpoints/SF-DRO__Hartmann_6D__seed46.json
mfdro_stage2_v3_mini,Greedy-MES,Hartmann_6D,42,0.6095853410171861,66,2,1,80.0,0.9696969696969697,results/mfdro_stage2_v3_mini/checkpoints/Greedy-MES__Hartmann_6D__seed42.json
mfdro_stage2_v3_mini,Greedy-MES,Hartmann_6D,43,0.2963756335688963,52,2,1,87.0,0.9038461538461539,results/mfdro_stage2_v3_mini/checkpoints/Greedy-MES__Hartmann_6D__seed43.json
mfdro_stage2_v3_mini,Hartmann_6D,Hartmann_6D,42,2.3190220394296657,10,1,,,,results/mfdro_stage2_v3_mini/checkpoints/Hartmann_6D__SF-DRO-rotate-MES__seed42.json
mfdro_stage2_v3_mini,Hartmann_6D,Hartmann_6D,43,2.3724704706180564,10,1,,,,results/mfdro_stage2_v3_mini/checkpoints/Hartmann_6D__SF-DRO-rotate-MES__seed43.json
mfdro_stage2_v3_mini,MF-DRO,Hartmann_6D,42,0.7572021917335308,14,1,0,354.0,0.2857142857142857,results/mfdro_stage2_v3_mini/checkpoints/MF-DRO__Hartmann_6D__seed42.json
mfdro_stage2_v3_mini,MF-DRO,Hartmann_6D,43,1.590656286959615,66,2,1,350.0,0.9696969696969697,results/mfdro_stage2_v3_mini/checkpoints/MF-DRO__Hartmann_6D__seed43.json
mfdro_stage2_v3_mini,SF-DRO,Hartmann_6D,42,2.3190220394296657,10,1,0,80.0,,results/mfdro_stage2_v3_mini/checkpoints/SF-DRO__Hartmann_6D__seed42.json
mfdro_stage2_v3_mini,SF-DRO,Hartmann_6D,43,2.3724704706180564,10,1,0,80.0,,results/mfdro_stage2_v3_mini/checkpoints/SF-DRO__Hartmann_6D__seed43.json
mfdro_synthetic_expert,Ackley_10D,Ackley_10D,42,2.0720201478576468,100,8,7,1700.0,0.0,results/mfdro_synthetic_expert/checkpoints/Ackley_10D__synthetic_expert__seed42.json
mfdro_synthetic_expert,Ackley_10D,Ackley_10D,43,2.9566982774220745,100,5,4,1700.0,0.0,results/mfdro_synthetic_expert/checkpoints/Ackley_10D__synthetic_expert__seed43.json
mfdro_synthetic_expert,Ackley_10D,Ackley_10D,44,3.336419572609963,100,8,7,1700.0,0.0,results/mfdro_synthetic_expert/checkpoints/Ackley_10D__synthetic_expert__seed44.json
mfdro_synthetic_expert,Hartmann_6D,Hartmann_6D,42,1.3569714806902433,100,5,4,1148.0,0.0,results/mfdro_synthetic_expert/checkpoints/Hartmann_6D__synthetic_expert__seed42.json
mfdro_synthetic_expert,Hartmann_6D,Hartmann_6D,43,1.6603416649119878,100,1,0,1148.0,0.0,results/mfdro_synthetic_expert/checkpoints/Hartmann_6D__synthetic_expert__seed43.json
mfdro_synthetic_expert,Hartmann_6D,Hartmann_6D,44,1.692827316081043,100,1,0,1148.0,0.0,results/mfdro_synthetic_expert/checkpoints/Hartmann_6D__synthetic_expert__seed44.json
mfdro_synthetic_expert_v2,Hartmann_6D,Hartmann_6D,42,1.4187198514537183,100,5,4,1148.0,0.0,results/mfdro_synthetic_expert_v2/checkpoints/Hartmann_6D__synthetic_expert__seed42.json
mfdro_synthetic_expert_v2,Hartmann_6D,Hartmann_6D,43,1.6603416649119878,100,1,0,1148.0,0.0,results/mfdro_synthetic_expert_v2/checkpoints/Hartmann_6D__synthetic_expert__seed43.json
mfdro_synthetic_expert_v2,Hartmann_6D,Hartmann_6D,44,1.692827316081043,100,1,0,1148.0,0.0,results/mfdro_synthetic_expert_v2/checkpoints/Hartmann_6D__synthetic_expert__seed44.json
mfdro_takeno_sidecheck,Hartmann_6D,Hartmann_6D,42,3.109587614383969,5,1,,32.0,1.0,results/mfdro_takeno_sidecheck/checkpoints/Hartmann_6D__MF-DRO-TakenoMES__seed42.mf.json
mfdro_thompson_improvement_smoke,Hartmann_6D,Hartmann_6D,42,0.7572021917335308,121,1,0,510.0,0.859504132231405,results/mfdro_thompson_improvement_smoke/checkpoints/Hartmann_6D__seed42.json
mfdro_thompson_improvement_smoke,Hartmann_6D,Hartmann_6D,43,1.7097756724349342,226,2,1,510.0,0.9911504424778761,results/mfdro_thompson_improvement_smoke/checkpoints/Hartmann_6D__seed43.json
mfdro_thompson_improvement_smoke,Hartmann_6D,Hartmann_6D,44,1.3105732388472147,212,1,0,510.0,0.9811320754716981,results/mfdro_thompson_improvement_smoke/checkpoints/Hartmann_6D__seed44.json
mfdro_timestepfix_check,Hartmann_6D,Hartmann_6D,42,2.249362654800415,6,4,,54.0,0.5,results/mfdro_timestepfix_check/checkpoints/Hartmann_6D__MF-DRO-TimestepFix__seed42.mf.json
mfdro_ucb_refinement_test,BASELINE,,42,1.046099066010619,379,2,1,748.0,0.9920844327176781,results/mfdro_ucb_refinement_test/checkpoints/BASELINE__seed42.json
mfdro_ucb_refinement_test,BASELINE,,43,1.6603416649119878,379,1,0,748.0,0.9920844327176781,results/mfdro_ucb_refinement_test/checkpoints/BASELINE__seed43.json
mfdro_ucb_refinement_test,BASELINE,,44,1.692827316081043,386,1,0,748.0,0.9948186528497409,results/mfdro_ucb_refinement_test/checkpoints/BASELINE__seed44.json
mfdro_ucb_refinement_test,REFINED_UCB,,42,0.5000335331739674,386,2,1,748.0,0.9948186528497409,results/mfdro_ucb_refinement_test/checkpoints/REFINED_UCB__seed42.json
mfdro_ucb_refinement_test,REFINED_UCB,,43,0.7164148182248682,372,1,0,748.0,0.989247311827957,results/mfdro_ucb_refinement_test/checkpoints/REFINED_UCB__seed43.json
mfdro_ucb_refinement_test,REFINED_UCB,,44,0.5578286318429688,386,1,0,748.0,0.9948186528497409,results/mfdro_ucb_refinement_test/checkpoints/REFINED_UCB__seed44.json
roi_state_audit,Ackley_5D,Ackley_5D,43,0.11552734080019578,20,10,,,,results/roi_state_audit/checkpoints/Ackley_5D__DRO-Original__seed43.json
roi_state_audit,Ackley_5D,Ackley_5D,44,0.7839983499217316,20,14,,,,results/roi_state_audit/checkpoints/Ackley_5D__DRO-Original__seed44.json
roi_state_audit,Ackley_5D,Ackley_5D,45,0.16224424722952024,20,10,,,,results/roi_state_audit/checkpoints/Ackley_5D__DRO-Original__seed45.json
roi_state_audit,Ackley_5D,Ackley_5D,43,0.21871195453632142,20,13,,,,results/roi_state_audit/checkpoints/Ackley_5D__DRO-ROISigmaIQR__seed43.json
roi_state_audit,Ackley_5D,Ackley_5D,44,0.43283638696794613,20,13,,,,results/roi_state_audit/checkpoints/Ackley_5D__DRO-ROISigmaIQR__seed44.json
roi_state_audit,Ackley_5D,Ackley_5D,45,0.4197142471001176,20,7,,,,results/roi_state_audit/checkpoints/Ackley_5D__DRO-ROISigmaIQR__seed45.json
roi_state_audit,Hartmann_6D,Hartmann_6D,42,2.3750442062587576,20,1,,,,results/roi_state_audit/checkpoints/Hartmann_6D__DRO-Original__seed42.json
roi_state_audit,Hartmann_6D,Hartmann_6D,43,2.127063094736726,20,1,,,,results/roi_state_audit/checkpoints/Hartmann_6D__DRO-Original__seed43.json
roi_state_audit,Hartmann_6D,Hartmann_6D,44,2.377186423978743,20,1,,,,results/roi_state_audit/checkpoints/Hartmann_6D__DRO-Original__seed44.json
roi_state_audit,Hartmann_6D,Hartmann_6D,42,2.9936783751804636,20,1,,,,results/roi_state_audit/checkpoints/Hartmann_6D__DRO-Slim8Dim__seed42.json
roi_state_audit,Hartmann_6D,Hartmann_6D,43,2.8850206285343147,20,1,,,,results/roi_state_audit/checkpoints/Hartmann_6D__DRO-Slim8Dim__seed43.json
roi_state_audit,Hartmann_6D,Hartmann_6D,44,2.42868996450189,20,1,,,,results/roi_state_audit/checkpoints/Hartmann_6D__DRO-Slim8Dim__seed44.json
rtg_schema,Ackley_2D,Ackley_2D,42,0.12003636094020864,50,7,,,,results/rtg_schema/checkpoints/Ackley_2D__DRO_Dynamic__seed42.json
rtg_schema,Ackley_2D,Ackley_2D,43,0.04550018598493866,50,13,,,,results/rtg_schema/checkpoints/Ackley_2D__DRO_Dynamic__seed43.json
rtg_schema,Ackley_2D,Ackley_2D,44,0.17692457677224072,50,8,,,,results/rtg_schema/checkpoints/Ackley_2D__DRO_Dynamic__seed44.json
rtg_schema,Ackley_2D,Ackley_2D,45,4.440892098500626e-16,50,1,,,,results/rtg_schema/checkpoints/Ackley_2D__DRO_Dynamic__seed45.json
rtg_schema,Ackley_2D,Ackley_2D,46,4.440892098500626e-16,50,1,,,,results/rtg_schema/checkpoints/Ackley_2D__DRO_Dynamic__seed46.json
rtg_schema,Ackley_2D,Ackley_2D,42,0.07432596259686308,50,12,,,,results/rtg_schema/checkpoints/Ackley_2D__DRO_Fixed__seed42.json
rtg_schema,Ackley_2D,Ackley_2D,43,0.028567594525853668,50,6,,,,results/rtg_schema/checkpoints/Ackley_2D__DRO_Fixed__seed43.json
rtg_schema,Ackley_2D,Ackley_2D,44,0.06125340407316715,50,15,,,,results/rtg_schema/checkpoints/Ackley_2D__DRO_Fixed__seed44.json
rtg_schema,Ackley_2D,Ackley_2D,45,4.440892098500626e-16,50,1,,,,results/rtg_schema/checkpoints/Ackley_2D__DRO_Fixed__seed45.json
rtg_schema,Ackley_2D,Ackley_2D,46,4.440892098500626e-16,50,1,,,,results/rtg_schema/checkpoints/Ackley_2D__DRO_Fixed__seed46.json
rtg_schema,Ackley_2D,Ackley_2D,42,0.13032574182069157,50,7,,,,results/rtg_schema/checkpoints/Ackley_2D__DRO_Floored__seed42.json
rtg_schema,Ackley_2D,Ackley_2D,43,0.033105165134895476,50,14,,,,results/rtg_schema/checkpoints/Ackley_2D__DRO_Floored__seed43.json
rtg_schema,Ackley_2D,Ackley_2D,44,0.24347441681777982,50,11,,,,results/rtg_schema/checkpoints/Ackley_2D__DRO_Floored__seed44.json
rtg_schema,Ackley_2D,Ackley_2D,45,4.440892098500626e-16,50,1,,,,results/rtg_schema/checkpoints/Ackley_2D__DRO_Floored__seed45.json
rtg_schema,Ackley_2D,Ackley_2D,46,4.440892098500626e-16,50,1,,,,results/rtg_schema/checkpoints/Ackley_2D__DRO_Floored__seed46.json
rtg_schema,Ackley_2D,Ackley_2D,42,0.05153512065921406,50,9,,,,results/rtg_schema/checkpoints/Ackley_2D__DRO_Quantile_0.25__seed42.json
rtg_schema,Ackley_2D,Ackley_2D,43,0.02461103317130453,50,7,,,,results/rtg_schema/checkpoints/Ackley_2D__DRO_Quantile_0.25__seed43.json
rtg_schema,Ackley_2D,Ackley_2D,44,0.16222741578595334,50,8,,,,results/rtg_schema/checkpoints/Ackley_2D__DRO_Quantile_0.25__seed44.json
rtg_schema,Ackley_2D,Ackley_2D,45,4.440892098500626e-16,50,1,,,,results/rtg_schema/checkpoints/Ackley_2D__DRO_Quantile_0.25__seed45.json
rtg_schema,Ackley_2D,Ackley_2D,46,4.440892098500626e-16,50,1,,,,results/rtg_schema/checkpoints/Ackley_2D__DRO_Quantile_0.25__seed46.json
rtg_schema,Ackley_2D,Ackley_2D,42,0.04633467018715409,50,10,,,,results/rtg_schema/checkpoints/Ackley_2D__DRO_Quantile_0.5__seed42.json
rtg_schema,Ackley_2D,Ackley_2D,43,0.07091278744225393,50,9,,,,results/rtg_schema/checkpoints/Ackley_2D__DRO_Quantile_0.5__seed43.json
rtg_schema,Ackley_2D,Ackley_2D,44,0.07945172742633888,50,12,,,,results/rtg_schema/checkpoints/Ackley_2D__DRO_Quantile_0.5__seed44.json
rtg_schema,Ackley_2D,Ackley_2D,45,4.440892098500626e-16,50,1,,,,results/rtg_schema/checkpoints/Ackley_2D__DRO_Quantile_0.5__seed45.json
rtg_schema,Ackley_2D,Ackley_2D,46,4.440892098500626e-16,50,1,,,,results/rtg_schema/checkpoints/Ackley_2D__DRO_Quantile_0.5__seed46.json
rtg_schema,Ackley_2D,Ackley_2D,42,0.057857305792321956,50,10,,,,results/rtg_schema/checkpoints/Ackley_2D__DRO_Quantile_0.75__seed42.json
rtg_schema,Ackley_2D,Ackley_2D,43,0.030908081611010108,50,8,,,,results/rtg_schema/checkpoints/Ackley_2D__DRO_Quantile_0.75__seed43.json
rtg_schema,Ackley_2D,Ackley_2D,44,0.04114514323946539,50,6,,,,results/rtg_schema/checkpoints/Ackley_2D__DRO_Quantile_0.75__seed44.json
rtg_schema,Ackley_2D,Ackley_2D,45,4.440892098500626e-16,50,1,,,,results/rtg_schema/checkpoints/Ackley_2D__DRO_Quantile_0.75__seed45.json
rtg_schema,Ackley_2D,Ackley_2D,46,4.440892098500626e-16,50,1,,,,results/rtg_schema/checkpoints/Ackley_2D__DRO_Quantile_0.75__seed46.json
rtg_schema,Ackley_2D,Ackley_2D,42,0.013338476752679629,50,10,,,,results/rtg_schema/checkpoints/Ackley_2D__DRO_Quantile_0.9__seed42.json
rtg_schema,Ackley_2D,Ackley_2D,43,0.046198498970309476,50,8,,,,results/rtg_schema/checkpoints/Ackley_2D__DRO_Quantile_0.9__seed43.json
rtg_schema,Ackley_2D,Ackley_2D,44,0.07411386958587984,50,7,,,,results/rtg_schema/checkpoints/Ackley_2D__DRO_Quantile_0.9__seed44.json
rtg_schema,Ackley_2D,Ackley_2D,45,4.440892098500626e-16,50,1,,,,results/rtg_schema/checkpoints/Ackley_2D__DRO_Quantile_0.9__seed45.json
rtg_schema,Ackley_2D,Ackley_2D,46,4.440892098500626e-16,50,1,,,,results/rtg_schema/checkpoints/Ackley_2D__DRO_Quantile_0.9__seed46.json
rtg_schema,Ackley_5D,Ackley_5D,42,4.440892098500626e-16,50,1,,,,results/rtg_schema/checkpoints/Ackley_5D__DRO_Dynamic__seed42.json
rtg_schema,Ackley_5D,Ackley_5D,43,0.006922508800908833,50,28,,,,results/rtg_schema/checkpoints/Ackley_5D__DRO_Dynamic__seed43.json
rtg_schema,Ackley_5D,Ackley_5D,44,0.049544286699085394,50,23,,,,results/rtg_schema/checkpoints/Ackley_5D__DRO_Dynamic__seed44.json
rtg_schema,Ackley_5D,Ackley_5D,45,0.02498929592643906,50,30,,,,results/rtg_schema/checkpoints/Ackley_5D__DRO_Dynamic__seed45.json
rtg_schema,Ackley_5D,Ackley_5D,46,0.023531435156801894,50,30,,,,results/rtg_schema/checkpoints/Ackley_5D__DRO_Dynamic__seed46.json
rtg_schema,Ackley_5D,Ackley_5D,42,4.440892098500626e-16,50,1,,,,results/rtg_schema/checkpoints/Ackley_5D__DRO_Fixed__seed42.json
rtg_schema,Ackley_5D,Ackley_5D,43,0.029632362260152423,50,31,,,,results/rtg_schema/checkpoints/Ackley_5D__DRO_Fixed__seed43.json
rtg_schema,Ackley_5D,Ackley_5D,44,0.07833880590057918,50,28,,,,results/rtg_schema/checkpoints/Ackley_5D__DRO_Fixed__seed44.json
rtg_schema,Ackley_5D,Ackley_5D,45,0.022139920012965053,50,31,,,,results/rtg_schema/checkpoints/Ackley_5D__DRO_Fixed__seed45.json
rtg_schema,Ackley_5D,Ackley_5D,46,0.02205822710666938,50,31,,,,results/rtg_schema/checkpoints/Ackley_5D__DRO_Fixed__seed46.json
rtg_schema,Ackley_5D,Ackley_5D,42,4.440892098500626e-16,50,1,,,,results/rtg_schema/checkpoints/Ackley_5D__DRO_Floored__seed42.json
rtg_schema,Ackley_5D,Ackley_5D,43,0.011005090440296517,50,25,,,,results/rtg_schema/checkpoints/Ackley_5D__DRO_Floored__seed43.json
rtg_schema,Ackley_5D,Ackley_5D,44,0.04411819372395742,50,22,,,,results/rtg_schema/checkpoints/Ackley_5D__DRO_Floored__seed44.json
rtg_schema,Ackley_5D,Ackley_5D,45,0.026779388332091703,50,31,,,,results/rtg_schema/checkpoints/Ackley_5D__DRO_Floored__seed45.json
rtg_schema,Ackley_5D,Ackley_5D,46,0.014293271707864097,50,31,,,,results/rtg_schema/checkpoints/Ackley_5D__DRO_Floored__seed46.json
rtg_schema,Ackley_5D,Ackley_5D,42,4.440892098500626e-16,50,1,,,,results/rtg_schema/checkpoints/Ackley_5D__DRO_Quantile_0.25__seed42.json
rtg_schema,Ackley_5D,Ackley_5D,43,0.04854233824735532,50,9,,,,results/rtg_schema/checkpoints/Ackley_5D__DRO_Quantile_0.25__seed43.json
rtg_schema,Ackley_5D,Ackley_5D,44,0.04146255566403001,50,7,,,,results/rtg_schema/checkpoints/Ackley_5D__DRO_Quantile_0.25__seed44.json
rtg_schema,Ackley_5D,Ackley_5D,45,0.08571878261025434,50,11,,,,results/rtg_schema/checkpoints/Ackley_5D__DRO_Quantile_0.25__seed45.json
rtg_schema,Ackley_5D,Ackley_5D,46,0.0423181117540854,50,5,,,,results/rtg_schema/checkpoints/Ackley_5D__DRO_Quantile_0.25__seed46.json
rtg_schema,Ackley_5D,Ackley_5D,42,4.440892098500626e-16,50,1,,,,results/rtg_schema/checkpoints/Ackley_5D__DRO_Quantile_0.5__seed42.json
rtg_schema,Ackley_5D,Ackley_5D,43,0.042913125779670214,50,6,,,,results/rtg_schema/checkpoints/Ackley_5D__DRO_Quantile_0.5__seed43.json
rtg_schema,Ackley_5D,Ackley_5D,44,0.046441074767021195,50,7,,,,results/rtg_schema/checkpoints/Ackley_5D__DRO_Quantile_0.5__seed44.json
rtg_schema,Ackley_5D,Ackley_5D,45,0.05416594660131269,50,11,,,,results/rtg_schema/checkpoints/Ackley_5D__DRO_Quantile_0.5__seed45.json
rtg_schema,Ackley_5D,Ackley_5D,46,0.05550585674103958,50,6,,,,results/rtg_schema/checkpoints/Ackley_5D__DRO_Quantile_0.5__seed46.json
rtg_schema,Ackley_5D,Ackley_5D,42,4.440892098500626e-16,50,1,,,,results/rtg_schema/checkpoints/Ackley_5D__DRO_Quantile_0.75__seed42.json
rtg_schema,Ackley_5D,Ackley_5D,43,0.0266881764668061,50,8,,,,results/rtg_schema/checkpoints/Ackley_5D__DRO_Quantile_0.75__seed43.json
rtg_schema,Ackley_5D,Ackley_5D,44,0.059443062350439835,50,7,,,,results/rtg_schema/checkpoints/Ackley_5D__DRO_Quantile_0.75__seed44.json
rtg_schema,Ackley_5D,Ackley_5D,45,0.03782344175429886,50,11,,,,results/rtg_schema/checkpoints/Ackley_5D__DRO_Quantile_0.75__seed45.json
rtg_schema,Ackley_5D,Ackley_5D,46,0.043973907982497895,50,6,,,,results/rtg_schema/checkpoints/Ackley_5D__DRO_Quantile_0.75__seed46.json
rtg_schema,Ackley_5D,Ackley_5D,42,4.440892098500626e-16,50,1,,,,results/rtg_schema/checkpoints/Ackley_5D__DRO_Quantile_0.9__seed42.json
rtg_schema,Ackley_5D,Ackley_5D,43,0.05679105599140444,50,9,,,,results/rtg_schema/checkpoints/Ackley_5D__DRO_Quantile_0.9__seed43.json
rtg_schema,Ackley_5D,Ackley_5D,44,0.024214538833146282,50,8,,,,results/rtg_schema/checkpoints/Ackley_5D__DRO_Quantile_0.9__seed44.json
rtg_schema,Ackley_5D,Ackley_5D,45,0.07067374626101186,50,10,,,,results/rtg_schema/checkpoints/Ackley_5D__DRO_Quantile_0.9__seed45.json
rtg_schema,Ackley_5D,Ackley_5D,46,0.06686925002956601,50,8,,,,results/rtg_schema/checkpoints/Ackley_5D__DRO_Quantile_0.9__seed46.json
rtg_schema,Eggholder,,42,485.63871733415516,50,1,,,,results/rtg_schema/checkpoints/Eggholder__DRO_Dynamic__seed42.json
rtg_schema,Eggholder,,43,450.1731763940835,50,2,,,,results/rtg_schema/checkpoints/Eggholder__DRO_Dynamic__seed43.json
rtg_schema,Eggholder,,44,814.5854229770441,50,1,,,,results/rtg_schema/checkpoints/Eggholder__DRO_Dynamic__seed44.json
rtg_schema,Eggholder,,45,657.4747486971464,50,1,,,,results/rtg_schema/checkpoints/Eggholder__DRO_Dynamic__seed45.json
rtg_schema,Eggholder,,46,638.5547531652451,50,2,,,,results/rtg_schema/checkpoints/Eggholder__DRO_Dynamic__seed46.json
rtg_schema,Eggholder,,42,485.63871733415516,50,1,,,,results/rtg_schema/checkpoints/Eggholder__DRO_Fixed__seed42.json
rtg_schema,Eggholder,,43,442.69415330193954,50,2,,,,results/rtg_schema/checkpoints/Eggholder__DRO_Fixed__seed43.json
rtg_schema,Eggholder,,44,814.5854229770441,50,1,,,,results/rtg_schema/checkpoints/Eggholder__DRO_Fixed__seed44.json
rtg_schema,Eggholder,,45,468.8928489529899,50,3,,,,results/rtg_schema/checkpoints/Eggholder__DRO_Fixed__seed45.json
rtg_schema,Eggholder,,46,766.7346245399348,50,1,,,,results/rtg_schema/checkpoints/Eggholder__DRO_Fixed__seed46.json
rtg_schema,Eggholder,,42,485.63871733415516,50,1,,,,results/rtg_schema/checkpoints/Eggholder__DRO_Floored__seed42.json
rtg_schema,Eggholder,,43,449.76937531461886,50,2,,,,results/rtg_schema/checkpoints/Eggholder__DRO_Floored__seed43.json
rtg_schema,Eggholder,,44,814.5854229770441,50,1,,,,results/rtg_schema/checkpoints/Eggholder__DRO_Floored__seed44.json
rtg_schema,Eggholder,,45,464.6372567326407,50,4,,,,results/rtg_schema/checkpoints/Eggholder__DRO_Floored__seed45.json
rtg_schema,Eggholder,,46,501.77134381113876,50,2,,,,results/rtg_schema/checkpoints/Eggholder__DRO_Floored__seed46.json
rtg_schema,Eggholder,,42,485.63871733415516,50,1,,,,results/rtg_schema/checkpoints/Eggholder__DRO_Quantile_0.25__seed42.json
rtg_schema,Eggholder,,43,419.78304119063455,50,3,,,,results/rtg_schema/checkpoints/Eggholder__DRO_Quantile_0.25__seed43.json
rtg_schema,Eggholder,,44,679.7102888067507,50,2,,,,results/rtg_schema/checkpoints/Eggholder__DRO_Quantile_0.25__seed44.json
rtg_schema,Eggholder,,45,565.3482827153016,50,2,,,,results/rtg_schema/checkpoints/Eggholder__DRO_Quantile_0.25__seed45.json
rtg_schema,Eggholder,,46,705.4885642691576,50,3,,,,results/rtg_schema/checkpoints/Eggholder__DRO_Quantile_0.25__seed46.json
rtg_schema,Eggholder,,42,485.63871733415516,50,1,,,,results/rtg_schema/checkpoints/Eggholder__DRO_Quantile_0.5__seed42.json
rtg_schema,Eggholder,,43,477.0256712817017,50,2,,,,results/rtg_schema/checkpoints/Eggholder__DRO_Quantile_0.5__seed43.json
rtg_schema,Eggholder,,44,722.8869818465229,50,3,,,,results/rtg_schema/checkpoints/Eggholder__DRO_Quantile_0.5__seed44.json
rtg_schema,Eggholder,,45,565.2773095183856,50,2,,,,results/rtg_schema/checkpoints/Eggholder__DRO_Quantile_0.5__seed45.json
rtg_schema,Eggholder,,46,766.7346245399348,50,1,,,,results/rtg_schema/checkpoints/Eggholder__DRO_Quantile_0.5__seed46.json
rtg_schema,Eggholder,,42,261.05312297618514,50,2,,,,results/rtg_schema/checkpoints/Eggholder__DRO_Quantile_0.75__seed42.json
rtg_schema,Eggholder,,43,400.69166974109464,50,3,,,,results/rtg_schema/checkpoints/Eggholder__DRO_Quantile_0.75__seed43.json
rtg_schema,Eggholder,,44,759.6123084252166,50,3,,,,results/rtg_schema/checkpoints/Eggholder__DRO_Quantile_0.75__seed44.json
rtg_schema,Eggholder,,45,565.3027775438383,50,2,,,,results/rtg_schema/checkpoints/Eggholder__DRO_Quantile_0.75__seed45.json
rtg_schema,Eggholder,,46,766.7346245399348,50,1,,,,results/rtg_schema/checkpoints/Eggholder__DRO_Quantile_0.75__seed46.json
rtg_schema,Eggholder,,42,485.63871733415516,50,1,,,,results/rtg_schema/checkpoints/Eggholder__DRO_Quantile_0.9__seed42.json
rtg_schema,Eggholder,,43,477.1379678684466,50,2,,,,results/rtg_schema/checkpoints/Eggholder__DRO_Quantile_0.9__seed43.json
rtg_schema,Eggholder,,44,692.6391138377262,50,3,,,,results/rtg_schema/checkpoints/Eggholder__DRO_Quantile_0.9__seed44.json
rtg_schema,Eggholder,,45,564.1628947056955,50,2,,,,results/rtg_schema/checkpoints/Eggholder__DRO_Quantile_0.9__seed45.json
rtg_schema,Eggholder,,46,729.6236978248774,50,2,,,,results/rtg_schema/checkpoints/Eggholder__DRO_Quantile_0.9__seed46.json
rtg_schema,Hartmann_6D,Hartmann_6D,42,2.5097787119520336,50,1,,,,results/rtg_schema/checkpoints/Hartmann_6D__DRO_Dynamic__seed42.json
rtg_schema,Hartmann_6D,Hartmann_6D,43,1.9042991599553198,50,1,,,,results/rtg_schema/checkpoints/Hartmann_6D__DRO_Dynamic__seed43.json
rtg_schema,Hartmann_6D,Hartmann_6D,44,2.377186423978743,50,1,,,,results/rtg_schema/checkpoints/Hartmann_6D__DRO_Dynamic__seed44.json
rtg_schema,Hartmann_6D,Hartmann_6D,45,2.6577964655466433,50,1,,,,results/rtg_schema/checkpoints/Hartmann_6D__DRO_Dynamic__seed45.json
rtg_schema,Hartmann_6D,Hartmann_6D,46,2.848149159637333,50,1,,,,results/rtg_schema/checkpoints/Hartmann_6D__DRO_Dynamic__seed46.json
rtg_schema,Hartmann_6D,Hartmann_6D,42,2.4405732070633785,50,1,,,,results/rtg_schema/checkpoints/Hartmann_6D__DRO_Fixed__seed42.json
rtg_schema,Hartmann_6D,Hartmann_6D,43,2.084854552704801,50,1,,,,results/rtg_schema/checkpoints/Hartmann_6D__DRO_Fixed__seed43.json
rtg_schema,Hartmann_6D,Hartmann_6D,44,2.377186423978743,50,1,,,,results/rtg_schema/checkpoints/Hartmann_6D__DRO_Fixed__seed44.json
rtg_schema,Hartmann_6D,Hartmann_6D,45,2.6577964655466433,50,1,,,,results/rtg_schema/checkpoints/Hartmann_6D__DRO_Fixed__seed45.json
rtg_schema,Hartmann_6D,Hartmann_6D,46,2.677450719101169,50,1,,,,results/rtg_schema/checkpoints/Hartmann_6D__DRO_Fixed__seed46.json
rtg_schema,Hartmann_6D,Hartmann_6D,42,2.5097787119520336,50,1,,,,results/rtg_schema/checkpoints/Hartmann_6D__DRO_Floored__seed42.json
rtg_schema,Hartmann_6D,Hartmann_6D,43,1.9042991599553198,50,1,,,,results/rtg_schema/checkpoints/Hartmann_6D__DRO_Floored__seed43.json
rtg_schema,Hartmann_6D,Hartmann_6D,44,2.377186423978743,50,1,,,,results/rtg_schema/checkpoints/Hartmann_6D__DRO_Floored__seed44.json
rtg_schema,Hartmann_6D,Hartmann_6D,45,2.6577964655466433,50,1,,,,results/rtg_schema/checkpoints/Hartmann_6D__DRO_Floored__seed45.json
rtg_schema,Hartmann_6D,Hartmann_6D,46,2.848149159637333,50,1,,,,results/rtg_schema/checkpoints/Hartmann_6D__DRO_Floored__seed46.json
rtg_schema,Hartmann_6D,Hartmann_6D,42,2.906557886621703,50,1,,,,results/rtg_schema/checkpoints/Hartmann_6D__DRO_Quantile_0.25__seed42.json
rtg_schema,Hartmann_6D,Hartmann_6D,43,2.127063094736726,50,1,,,,results/rtg_schema/checkpoints/Hartmann_6D__DRO_Quantile_0.25__seed43.json
rtg_schema,Hartmann_6D,Hartmann_6D,44,2.377186423978743,50,1,,,,results/rtg_schema/checkpoints/Hartmann_6D__DRO_Quantile_0.25__seed44.json
rtg_schema,Hartmann_6D,Hartmann_6D,45,2.6577964655466433,50,1,,,,results/rtg_schema/checkpoints/Hartmann_6D__DRO_Quantile_0.25__seed45.json
rtg_schema,Hartmann_6D,Hartmann_6D,46,3.0805711761087156,50,1,,,,results/rtg_schema/checkpoints/Hartmann_6D__DRO_Quantile_0.25__seed46.json
rtg_schema,Hartmann_6D,Hartmann_6D,42,2.906557886621703,50,1,,,,results/rtg_schema/checkpoints/Hartmann_6D__DRO_Quantile_0.5__seed42.json
rtg_schema,Hartmann_6D,Hartmann_6D,43,2.127063094736726,50,1,,,,results/rtg_schema/checkpoints/Hartmann_6D__DRO_Quantile_0.5__seed43.json
rtg_schema,Hartmann_6D,Hartmann_6D,44,2.377186423978743,50,1,,,,results/rtg_schema/checkpoints/Hartmann_6D__DRO_Quantile_0.5__seed44.json
rtg_schema,Hartmann_6D,Hartmann_6D,45,2.6577964655466433,50,1,,,,results/rtg_schema/checkpoints/Hartmann_6D__DRO_Quantile_0.5__seed45.json
rtg_schema,Hartmann_6D,Hartmann_6D,46,3.0805711761087156,50,1,,,,results/rtg_schema/checkpoints/Hartmann_6D__DRO_Quantile_0.5__seed46.json
rtg_schema,Hartmann_6D,Hartmann_6D,42,2.906557886621703,50,1,,,,results/rtg_schema/checkpoints/Hartmann_6D__DRO_Quantile_0.75__seed42.json
rtg_schema,Hartmann_6D,Hartmann_6D,43,2.127063094736726,50,1,,,,results/rtg_schema/checkpoints/Hartmann_6D__DRO_Quantile_0.75__seed43.json
rtg_schema,Hartmann_6D,Hartmann_6D,44,2.377186423978743,50,1,,,,results/rtg_schema/checkpoints/Hartmann_6D__DRO_Quantile_0.75__seed44.json
rtg_schema,Hartmann_6D,Hartmann_6D,45,2.6577964655466433,50,1,,,,results/rtg_schema/checkpoints/Hartmann_6D__DRO_Quantile_0.75__seed45.json
rtg_schema,Hartmann_6D,Hartmann_6D,46,3.0805711761087156,50,1,,,,results/rtg_schema/checkpoints/Hartmann_6D__DRO_Quantile_0.75__seed46.json
rtg_schema,Hartmann_6D,Hartmann_6D,42,2.906557886621703,50,1,,,,results/rtg_schema/checkpoints/Hartmann_6D__DRO_Quantile_0.9__seed42.json
rtg_schema,Hartmann_6D,Hartmann_6D,43,2.127063094736726,50,1,,,,results/rtg_schema/checkpoints/Hartmann_6D__DRO_Quantile_0.9__seed43.json
rtg_schema,Hartmann_6D,Hartmann_6D,44,2.377186423978743,50,1,,,,results/rtg_schema/checkpoints/Hartmann_6D__DRO_Quantile_0.9__seed44.json
rtg_schema,Hartmann_6D,Hartmann_6D,45,2.6577964655466433,50,1,,,,results/rtg_schema/checkpoints/Hartmann_6D__DRO_Quantile_0.9__seed45.json
rtg_schema,Hartmann_6D,Hartmann_6D,46,3.0805711761087156,50,1,,,,results/rtg_schema/checkpoints/Hartmann_6D__DRO_Quantile_0.9__seed46.json
sanity_mes_switching_v2,Ackley_2D,Ackley_2D,42,0.9013499429437961,50,10,,,,results/sanity_mes_switching_v2/checkpoints/Ackley_2D__NaiveBO-EI-regression__seed42.json
sanity_mes_switching_v2,Ackley_2D,Ackley_2D,43,0.6209143619599016,50,15,,,,results/sanity_mes_switching_v2/checkpoints/Ackley_2D__NaiveBO-EI-regression__seed43.json
sanity_mes_switching_v2,Ackley_2D,Ackley_2D,44,3.0029912943447568,50,8,,,,results/sanity_mes_switching_v2/checkpoints/Ackley_2D__NaiveBO-EI-regression__seed44.json
sanity_mes_switching_v2,Ackley_2D,Ackley_2D,45,1.8801003161402616,50,7,,,,results/sanity_mes_switching_v2/checkpoints/Ackley_2D__NaiveBO-EI-regression__seed45.json
sanity_mes_switching_v2,Ackley_2D,Ackley_2D,46,2.0096156033956345,50,13,,,,results/sanity_mes_switching_v2/checkpoints/Ackley_2D__NaiveBO-EI-regression__seed46.json
sanity_mes_switching_v2,Ackley_2D,Ackley_2D,42,0.4652285430069054,20,9,,,,results/sanity_mes_switching_v2/checkpoints/Ackley_2D__calib-DRO-MES-Impr__seed42.json
sanity_mes_switching_v2,Ackley_2D,Ackley_2D,42,0.0655842381752767,20,6,,,,results/sanity_mes_switching_v2/checkpoints/Ackley_2D__calib-DRO-MES-MES__seed42.json
sanity_mes_switching_v2,Ackley_2D,Ackley_2D,42,3.7133192838149722,20,8,,,,results/sanity_mes_switching_v2/checkpoints/Ackley_2D__calib-DRO-MES-jointMES__seed42.json
sanity_mes_switching_v2,Ackley_2D,Ackley_2D,42,3.2582863489277654,20,4,,,,results/sanity_mes_switching_v2/checkpoints/Ackley_2D__calib-DRO-rotate-Impr__seed42.json
sanity_mes_switching_v2,Ackley_2D,Ackley_2D,42,0.28638257057275895,20,9,,,,results/sanity_mes_switching_v2/checkpoints/Ackley_2D__calib-DRO-rotate-MES__seed42.json
sanity_mes_switching_v2,Ackley_2D,Ackley_2D,42,1.1003839451208326,20,4,,,,results/sanity_mes_switching_v2/checkpoints/Ackley_2D__calib-DRO-rotate-jointMES__seed42.json
sanity_mes_switching_v2,Ackley_2D,Ackley_2D,42,0.9013499429437961,20,10,,,,results/sanity_mes_switching_v2/checkpoints/Ackley_2D__calib-NaiveBO-EI__seed42.json
sanity_mes_switching_v2,Ackley_2D,Ackley_2D,42,1.4001671321262497,20,10,,,,results/sanity_mes_switching_v2/checkpoints/Ackley_2D__calib-NaiveBO-MES__seed42.json
sanity_mes_switching_v2,Ackley_2D,Ackley_2D,42,3.354066627935094,3,3,,,,results/sanity_mes_switching_v2/checkpoints/Ackley_2D__smoke-DRO-MES-Impr__seed42.json
sanity_mes_switching_v2,Ackley_2D,Ackley_2D,42,3.4919104123282456,3,3,,,,results/sanity_mes_switching_v2/checkpoints/Ackley_2D__smoke-DRO-MES-MES__seed42.json
sanity_mes_switching_v2,Ackley_2D,Ackley_2D,42,3.6536360166660242,3,1,,,,results/sanity_mes_switching_v2/checkpoints/Ackley_2D__smoke-DRO-MES-jointMES__seed42.json
sanity_mes_switching_v2,Ackley_2D,Ackley_2D,42,3.252730839612408,3,2,,,,results/sanity_mes_switching_v2/checkpoints/Ackley_2D__smoke-DRO-rotate-Impr__seed42.json
sanity_mes_switching_v2,Ackley_2D,Ackley_2D,42,3.3023707590248823,3,2,,,,results/sanity_mes_switching_v2/checkpoints/Ackley_2D__smoke-DRO-rotate-MES__seed42.json
sanity_mes_switching_v2,Ackley_2D,Ackley_2D,42,3.675599192910266,3,1,,,,results/sanity_mes_switching_v2/checkpoints/Ackley_2D__smoke-DRO-rotate-jointMES__seed42.json
sanity_mes_switching_v2,Ackley_2D,Ackley_2D,42,3.3007563390818224,3,2,,,,results/sanity_mes_switching_v2/checkpoints/Ackley_2D__smoke-Fixed-EI-reference__seed42.json
sanity_mes_switching_v2,Ackley_2D,Ackley_2D,42,17.14787052999689,3,1,,,,results/sanity_mes_switching_v2/checkpoints/Ackley_2D__smoke-NaiveBO-EI__seed42.json
sanity_mes_switching_v2,Ackley_2D,Ackley_2D,42,17.14787052999689,3,1,,,,results/sanity_mes_switching_v2/checkpoints/Ackley_2D__smoke-NaiveBO-MES__seed42.json
sanity_mes_switching_v2,Ackley_5D,Ackley_5D,42,1.467480564856889,50,8,,,,results/sanity_mes_switching_v2/checkpoints/Ackley_5D__NaiveBO-EI-regression__seed42.json
sanity_mes_switching_v2,Ackley_5D,Ackley_5D,43,2.2811961971242245,50,14,,,,results/sanity_mes_switching_v2/checkpoints/Ackley_5D__NaiveBO-EI-regression__seed43.json
sanity_mes_switching_v2,Ackley_5D,Ackley_5D,44,2.5012559763402646,50,9,,,,results/sanity_mes_switching_v2/checkpoints/Ackley_5D__NaiveBO-EI-regression__seed44.json
sanity_mes_switching_v2,Ackley_5D,Ackley_5D,45,2.244375741509565,50,14,,,,results/sanity_mes_switching_v2/checkpoints/Ackley_5D__NaiveBO-EI-regression__seed45.json
sanity_mes_switching_v2,Ackley_5D,Ackley_5D,46,1.7318606499475746,50,10,,,,results/sanity_mes_switching_v2/checkpoints/Ackley_5D__NaiveBO-EI-regression__seed46.json
sanity_slim_state,Hartmann_6D,Hartmann_6D,42,0.9893995983235953,3,1,,,,results/sanity_slim_state/checkpoints/Hartmann_6D__ROISigmaIQR__seed42.json
sanity_slim_state,Hartmann_6D,Hartmann_6D,42,2.9873019806346672,3,2,,,,results/sanity_slim_state/checkpoints/Hartmann_6D__Step1-slim__seed42.json
sanity_slim_state,Hartmann_6D,Hartmann_6D,42,2.217615644734015,3,2,,,,results/sanity_slim_state/checkpoints/Hartmann_6D__Step23-quantiles__seed42.json
sf_dro_postfix_test,Hartmann_6D,Hartmann_6D,42,1.7264099355893996,100,1,,,,results/sf_dro_postfix_test/checkpoints/Hartmann_6D__SF-DRO-postfix__seed42.json
sf_dro_postfix_test,Hartmann_6D,Hartmann_6D,43,2.1456872582343656,100,1,,,,results/sf_dro_postfix_test/checkpoints/Hartmann_6D__SF-DRO-postfix__seed43.json
sf_dro_postfix_test,Hartmann_6D,Hartmann_6D,44,2.2691355003221316,100,1,,,,results/sf_dro_postfix_test/checkpoints/Hartmann_6D__SF-DRO-postfix__seed44.json
sf_dro_postfix_test,SF-DRO-postfix,Hartmann_6D,42,1.7264099355893996,100,1,0,,,results/sf_dro_postfix_test/checkpoints/SF-DRO-postfix__Hartmann_6D__seed42.json
sf_dro_postfix_test,SF-DRO-postfix,Hartmann_6D,43,2.1456872582343656,100,1,0,,,results/sf_dro_postfix_test/checkpoints/SF-DRO-postfix__Hartmann_6D__seed43.json
sf_dro_postfix_test,SF-DRO-postfix,Hartmann_6D,44,2.2691355003221316,100,1,0,,,results/sf_dro_postfix_test/checkpoints/SF-DRO-postfix__Hartmann_6D__seed44.json
sf_dro_smoke_test,Hartmann_6D,Hartmann_6D,42,1.910038613351268,3,1,,,,results/sf_dro_smoke_test/checkpoints/Hartmann_6D__SF-DRO-rotate-MES__seed42.json
sfdro_reward_teacher_test,VARIANT_A,Hartmann_6D,42,2.474271671725574,30,1,,,,results/sfdro_reward_teacher_test/checkpoints/VARIANT_A__Hartmann_6D__seed42.json
sfdro_reward_teacher_test,VARIANT_B,Hartmann_6D,42,2.474271671725574,30,1,,,,results/sfdro_reward_teacher_test/checkpoints/VARIANT_B__Hartmann_6D__seed42.json
sfdro_reward_teacher_test,VARIANT_C,Hartmann_6D,42,2.474271671725574,30,1,,,,results/sfdro_reward_teacher_test/checkpoints/VARIANT_C__Hartmann_6D__seed42.json
sfdro_reward_teacher_test,VARIANT_D,Hartmann_6D,42,2.474271671725574,30,1,,,,results/sfdro_reward_teacher_test/checkpoints/VARIANT_D__Hartmann_6D__seed42.json
sfdro_reward_teacher_test,VARIANT_F,Hartmann_6D,42,1.272941270113979,30,1,,,,results/sfdro_reward_teacher_test/checkpoints/VARIANT_F__Hartmann_6D__seed42.json
sfdro_ucb_refinement_test,D_nodt,Hartmann_6D,42,0.04826964601204109,50,14,,,,results/sfdro_ucb_refinement_test/checkpoints/D_nodt__Hartmann_6D__seed42.json
sfdro_ucb_refinement_test,D_nodt,Hartmann_6D,43,0.023982620880779848,50,15,,,,results/sfdro_ucb_refinement_test/checkpoints/D_nodt__Hartmann_6D__seed43.json
sfdro_ucb_refinement_test,D_nodt,Hartmann_6D,44,0.030635651995417845,50,12,,,,results/sfdro_ucb_refinement_test/checkpoints/D_nodt__Hartmann_6D__seed44.json
sfdro_ucb_refinement_test,GA_METHOD_B,Hartmann_6D,42,0.2224243209291208,50,7,,,,results/sfdro_ucb_refinement_test/checkpoints/GA_METHOD_B__Hartmann_6D__seed42.json
sfdro_ucb_refinement_test,GA_METHOD_B,Hartmann_6D,43,0.0849591546883679,50,11,,,,results/sfdro_ucb_refinement_test/checkpoints/GA_METHOD_B__Hartmann_6D__seed43.json
sfdro_ucb_refinement_test,GA_METHOD_B,Hartmann_6D,44,0.07973346487306143,50,9,,,,results/sfdro_ucb_refinement_test/checkpoints/GA_METHOD_B__Hartmann_6D__seed44.json
sfdro_ucb_refinement_test,GA_METHOD_C,Hartmann_6D,42,0.04286339568740205,50,15,,,,results/sfdro_ucb_refinement_test/checkpoints/GA_METHOD_C__Hartmann_6D__seed42.json
sfdro_ucb_refinement_test,GA_METHOD_C,Hartmann_6D,43,0.5036299317997073,50,12,,,,results/sfdro_ucb_refinement_test/checkpoints/GA_METHOD_C__Hartmann_6D__seed43.json
sfdro_ucb_refinement_test,GA_METHOD_C,Hartmann_6D,44,0.039562416794989286,50,10,,,,results/sfdro_ucb_refinement_test/checkpoints/GA_METHOD_C__Hartmann_6D__seed44.json
sfdro_ucb_refinement_test,NaiveBO_lognormal,Hartmann_6D,42,0.15572235967498393,50,12,,,,results/sfdro_ucb_refinement_test/checkpoints/NaiveBO_lognormal__Hartmann_6D__seed42.json
sfdro_ucb_refinement_test,NaiveBO_lognormal,Hartmann_6D,43,0.11050782935236247,50,9,,,,results/sfdro_ucb_refinement_test/checkpoints/NaiveBO_lognormal__Hartmann_6D__seed43.json
sfdro_ucb_refinement_test,NaiveBO_lognormal,Hartmann_6D,44,0.16575399308885697,50,7,,,,results/sfdro_ucb_refinement_test/checkpoints/NaiveBO_lognormal__Hartmann_6D__seed44.json
sfdro_ucb_refinement_test,SF_BASELINE,Hartmann_6D,42,2.474271671725574,50,1,,,,results/sfdro_ucb_refinement_test/checkpoints/SF_BASELINE__Hartmann_6D__seed42.json
sfdro_ucb_refinement_test,SF_BASELINE,Hartmann_6D,43,0.8153253926711193,50,2,,,,results/sfdro_ucb_refinement_test/checkpoints/SF_BASELINE__Hartmann_6D__seed43.json
sfdro_ucb_refinement_test,SF_BASELINE,Hartmann_6D,44,1.5020845678660772,50,2,,,,results/sfdro_ucb_refinement_test/checkpoints/SF_BASELINE__Hartmann_6D__seed44.json
sfdro_ucb_refinement_test,SF_REFINED_B,Hartmann_6D,42,0.5856823523063146,50,5,,,,results/sfdro_ucb_refinement_test/checkpoints/SF_REFINED_B__Hartmann_6D__seed42.json
sfdro_ucb_refinement_test,SF_REFINED_B,Hartmann_6D,43,0.8141606106751982,50,9,,,,results/sfdro_ucb_refinement_test/checkpoints/SF_REFINED_B__Hartmann_6D__seed43.json
sfdro_ucb_refinement_test,SF_REFINED_B,Hartmann_6D,44,0.2856008283419831,50,7,,,,results/sfdro_ucb_refinement_test/checkpoints/SF_REFINED_B__Hartmann_6D__seed44.json
sfdro_ucb_refinement_test,SF_REFINED_C,Hartmann_6D,42,0.11423909823705047,50,14,,,,results/sfdro_ucb_refinement_test/checkpoints/SF_REFINED_C__Hartmann_6D__seed42.json
sfdro_ucb_refinement_test,SF_REFINED_C,Hartmann_6D,43,0.5279326221516958,50,18,,,,results/sfdro_ucb_refinement_test/checkpoints/SF_REFINED_C__Hartmann_6D__seed43.json
sfdro_ucb_refinement_test,SF_REFINED_C,Hartmann_6D,44,0.1393877248037363,50,17,,,,results/sfdro_ucb_refinement_test/checkpoints/SF_REFINED_C__Hartmann_6D__seed44.json
sfdro_ucb_refinement_test,SF_REFINED_D,Hartmann_6D,42,0.043916847885893784,50,9,,,,results/sfdro_ucb_refinement_test/checkpoints/SF_REFINED_D__Hartmann_6D__seed42.json
sfdro_ucb_refinement_test,SF_REFINED_D,Hartmann_6D,43,0.023093891267203848,50,13,,,,results/sfdro_ucb_refinement_test/checkpoints/SF_REFINED_D__Hartmann_6D__seed43.json
sfdro_ucb_refinement_test,SF_REFINED_D,Hartmann_6D,44,0.004975294932645813,50,8,,,,results/sfdro_ucb_refinement_test/checkpoints/SF_REFINED_D__Hartmann_6D__seed44.json
sfdro_ucb_refinement_test,SF_REFINED_UCB,Hartmann_6D,42,0.2656829506599867,50,11,,,,results/sfdro_ucb_refinement_test/checkpoints/SF_REFINED_UCB__Hartmann_6D__seed42.json
sfdro_ucb_refinement_test,SF_REFINED_UCB,Hartmann_6D,43,0.07167459684173672,50,14,,,,results/sfdro_ucb_refinement_test/checkpoints/SF_REFINED_UCB__Hartmann_6D__seed43.json
sfdro_ucb_refinement_test,SF_REFINED_UCB,Hartmann_6D,44,0.03407215076544068,50,8,,,,results/sfdro_ucb_refinement_test/checkpoints/SF_REFINED_UCB__Hartmann_6D__seed44.json
